Name,SKU,Category,Current Image,Issue
"Black Sparkle Vest & Bowtie Set","SVB-BLACK-B","Accessories","black-model.png","Duplicate Image"
"Black Suspender & Bowtie Set","SB-BLACK-SET","Accessories","black-model.png","Duplicate Image"
"Black Suspender Bow Tie Set","ACC-001","Accessories","black-model.png","Duplicate Image"
"Gold Suspender & Bowtie Set","SB-GOLD-SET","Accessories","necktie_black-with-red-design_1.0.jpg","Duplicate Image"
"Medium Red Suspender & Bowtie Set","SB-MEDIUM-RED-SET","Accessories","necktie_black-with-red-design_1.0.jpg","Duplicate Image"
"Men's Velvet Brown Blazer with Matching Bowtie - Luxury Collection","BLZ-VEL-BRO-1078","Accessories","necktie_black-with-red-design_1.0.jpg","Duplicate Image"
"Men's Velvet Green Blazer with Matching Bowtie - Luxury Collection","BLZ-VEL-GRE-1060","Accessories","necktie_black-with-red-design_1.0.jpg","Duplicate Image"
"Men's Velvet Red Blazer with Matching Bowtie - Luxury Collection","BLZ-VEL-RED-1088","Accessories","necktie_black-with-red-design_1.0.jpg","Duplicate Image"
"Men's Velvet Royal Blue Blazer with Matching Bowtie - Luxury Collection","BLZ-VEL-ROY-1058","Accessories","necktie_black-with-red-design_1.0.jpg","Duplicate Image"
"Royal Blue Sparkle Vest & Bowtie Set","SVB-ROYAL-BLUE-I","Accessories","necktie_black-with-red-design_1.0.jpg","Duplicate Image"
"Silver Sparkle Vest & Bowtie Set","SVB-SILVER-Q","Accessories","necktie_black-with-red-design_1.0.jpg","Duplicate Image"
"Men's Prom Black Blazer with Matching Bowtie - Prom & Wedding 2025","BLZ-PRO-BLA-1015","Blazers","blazer_black-and-red-floral-with-matching-bowtie_1.0.jpg","Duplicate Image"
"Men's Prom Red Blazer with Matching Bowtie - Prom & Wedding 2025","BLZ-PRO-RED-1014","Blazers","blazer_black-and-red-floral-with-matching-bowtie_1.0.jpg","Duplicate Image"
"Men's Prom Red Floral Blazer with Matching Bowtie - Prom & Wedding 2025","BLZ-PRO-RED-1018","Blazers","blazer_black-and-red-floral-with-matching-bowtie_1.0.jpg","Duplicate Image"
"Men's Prom White Blazer with Matching Bowtie - Prom & Wedding 2025","BLZ-PRO-WHI-1021","Blazers","blazer_black-and-red-floral-with-matching-bowtie_1.0.jpg","Duplicate Image"
"Men's Velvet Green Blazer with Matching Bowtie - Luxury Collection","BLZ-VEL-GRE-1068","Blazers","blazer_black-and-red-floral-with-matching-bowtie_1.0.jpg","Duplicate Image"
"Men's Velvet Purple Blazer with Matching Bowtie - Luxury Collection","BLZ-VEL-PUR-1073","Blazers","blazer_black-and-red-floral-with-matching-bowtie_1.0.jpg","Duplicate Image"
"Men's Velvet Red Blazer with Matching Bowtie - Luxury Collection","BLZ-VEL-RED-1094","Blazers","blazer_black-and-red-floral-with-matching-bowtie_1.0.jpg","Duplicate Image"
"Men's Velvet Royal Blue Blazer with Matching Bowtie - Luxury Collection","BLZ-VEL-ROY-1083","Blazers","blazer_black-and-red-floral-with-matching-bowtie_1.0.jpg","Duplicate Image"
"Men's Casual Brown Blazer - Summer Collection","BLZ-SUM-BRO-1023","Casual Summer Blazers","mens_blue_casual_summer_blazer_2025_1025.webp","Duplicate Image"
"Men's Casual Brown Blazer - Summer Collection","BLZ-SUM-BRO-1026","Casual Summer Blazers","mens_blue_casual_summer_blazer_2025_1025.webp","Duplicate Image"
"Men's Casual Light Blue Blazer - Summer Collection","BLZ-SUM-BLU-1025","Casual Summer Blazers","mens_blue_casual_summer_blazer_2025_1025.webp","Duplicate Image"
"Men's Casual Mint Blazer - Summer Collection","BLZ-SUM-MIN-1027","Casual Summer Blazers","mens_blue_casual_summer_blazer_2025_1025.webp","Duplicate Image"
"Men's Casual Pink Blazer - Summer Collection","BLZ-SUM-PIN-1028","Casual Summer Blazers","mens_blue_casual_summer_blazer_2025_1025.webp","Duplicate Image"
"Men's Casual Pink Blazer - Summer Collection","BLZ-SUM-PIN-1024","Casual Summer Blazers","mens_blue_casual_summer_blazer_2025_1025.webp","Duplicate Image"
"Men's Casual Yellow Blazer - Summer Collection","BLZ-SUM-YEL-1022","Casual Summer Blazers","mens_blue_casual_summer_blazer_2025_1025.webp","Duplicate Image"
"Men's Velvet Black Blazer - Luxury Collection","BLZ-VEL-BLA-1081","Luxury Velvet Blazers","mens_black_paisley_pattern_velvet_model_1059.webp","Duplicate Image"
"Men's Velvet Black Blazer - Luxury Collection","BLZ-VEL-BLA-1090","Luxury Velvet Blazers","mens_black_paisley_pattern_velvet_model_1059.webp","Duplicate Image"
"Men's Velvet Black Blazer - Shawl Lapel - Luxury Collection","BLZ-VEL-BLA-1064","Luxury Velvet Blazers","mens_black_paisley_pattern_velvet_model_1059.webp","Duplicate Image"
"Men's Velvet Black Paisley Blazer - Luxury Collection","BLZ-VEL-BLA-1059","Luxury Velvet Blazers","mens_black_paisley_pattern_velvet_model_1059.webp","Duplicate Image"
"Men's Velvet Burgundy Blazer - Luxury Collection","BLZ-VEL-BUR-1091","Luxury Velvet Blazers","mens_black_paisley_pattern_velvet_model_1059.webp","Duplicate Image"
"Men's Velvet Burgundy Blazer - Luxury Collection","BLZ-VEL-BUR-1079","Luxury Velvet Blazers","mens_black_paisley_pattern_velvet_model_1059.webp","Duplicate Image"
"Men's Velvet Burgundy Blazer - Luxury Collection","BLZ-VEL-BUR-1070","Luxury Velvet Blazers","mens_black_paisley_pattern_velvet_model_1059.webp","Duplicate Image"
"Men's Velvet Burgundy Blazer - Luxury Collection","BLZ-VEL-BUR-1065","Luxury Velvet Blazers","mens_black_paisley_pattern_velvet_model_1059.webp","Duplicate Image"
"Men's Velvet Burgundy Blazer - Luxury Collection","BLZ-VEL-BUR-1084","Luxury Velvet Blazers","mens_black_paisley_pattern_velvet_model_1059.webp","Duplicate Image"
"Men's Velvet Burgundy Blazer - Luxury Collection","BLZ-VEL-BUR-1085","Luxury Velvet Blazers","mens_black_paisley_pattern_velvet_model_1059.webp","Duplicate Image"
"Men's Velvet Burgundy Blazer - Luxury Collection","BLZ-VEL-BUR-1074","Luxury Velvet Blazers","mens_black_paisley_pattern_velvet_model_1059.webp","Duplicate Image"
"Men's Velvet Green Blazer - Luxury Collection","BLZ-VEL-GRE-1056","Luxury Velvet Blazers","mens_black_paisley_pattern_velvet_model_1059.webp","Duplicate Image"
"Men's Velvet Green Blazer - Luxury Collection","BLZ-VEL-GRE-1093","Luxury Velvet Blazers","mens_black_paisley_pattern_velvet_model_1059.webp","Duplicate Image"
"Men's Velvet Green Blazer - Luxury Collection","BLZ-VEL-GRE-1082","Luxury Velvet Blazers","mens_black_paisley_pattern_velvet_model_1059.webp","Duplicate Image"
"Men's Velvet Green Paisley Blazer - Luxury Collection","BLZ-VEL-GRE-1089","Luxury Velvet Blazers","mens_black_paisley_pattern_velvet_model_1059.webp","Duplicate Image"
"Men's Velvet Navy Blue Blazer - Luxury Collection","BLZ-VEL-NAV-1063","Luxury Velvet Blazers","mens_black_paisley_pattern_velvet_model_1059.webp","Duplicate Image"
"Men's Velvet Navy Blue Blazer - Luxury Collection","BLZ-VEL-NAV-1076","Luxury Velvet Blazers","mens_black_paisley_pattern_velvet_model_1059.webp","Duplicate Image"
"Men's Velvet Navy Blue Blazer - Luxury Collection","BLZ-VEL-NAV-1095","Luxury Velvet Blazers","mens_black_paisley_pattern_velvet_model_1059.webp","Duplicate Image"
"Men's Velvet Navy Blue Blazer - Luxury Collection","BLZ-VEL-NAV-1077","Luxury Velvet Blazers","mens_black_paisley_pattern_velvet_model_1059.webp","Duplicate Image"
"Men's Velvet Navy Blue Blazer - Luxury Collection","BLZ-VEL-NAV-1062","Luxury Velvet Blazers","mens_black_paisley_pattern_velvet_model_1059.webp","Duplicate Image"
"Men's Velvet Navy Blue Blazer - Luxury Collection","BLZ-VEL-NAV-1087","Luxury Velvet Blazers","mens_black_paisley_pattern_velvet_model_1059.webp","Duplicate Image"
"Men's Velvet Navy Blue Blazer - Luxury Collection","BLZ-VEL-NAV-1092","Luxury Velvet Blazers","mens_black_paisley_pattern_velvet_model_1059.webp","Duplicate Image"
"Men's Velvet Navy Blue Blazer - Luxury Collection","BLZ-VEL-NAV-1066","Luxury Velvet Blazers","mens_black_paisley_pattern_velvet_model_1059.webp","Duplicate Image"
"Men's Velvet Pink Blazer - Luxury Collection","BLZ-VEL-PIN-1057","Luxury Velvet Blazers","mens_black_paisley_pattern_velvet_model_1059.webp","Duplicate Image"
"Men's Velvet Purple Blazer - Luxury Collection","BLZ-VEL-PUR-1072","Luxury Velvet Blazers","mens_black_paisley_pattern_velvet_model_1059.webp","Duplicate Image"
"Men's Velvet Red Blazer - Luxury Collection","BLZ-VEL-RED-1071","Luxury Velvet Blazers","mens_black_paisley_pattern_velvet_model_1059.webp","Duplicate Image"
"Men's Velvet Red Blazer - Luxury Collection","BLZ-VEL-RED-1080","Luxury Velvet Blazers","mens_black_paisley_pattern_velvet_model_1059.webp","Duplicate Image"
"Men's Velvet Red Blazer - Luxury Collection","BLZ-VEL-RED-1055","Luxury Velvet Blazers","mens_black_paisley_pattern_velvet_model_1059.webp","Duplicate Image"
"Men's Velvet Red Paisley Blazer - Luxury Collection","BLZ-VEL-RED-1075","Luxury Velvet Blazers","mens_black_paisley_pattern_velvet_model_1059.webp","Duplicate Image"
"Men's Velvet Royal Blue Blazer - Luxury Collection","BLZ-VEL-ROY-1061","Luxury Velvet Blazers","mens_black_paisley_pattern_velvet_model_1059.webp","Duplicate Image"
"Men's Velvet Royal Blue Paisley Blazer - Luxury Collection","BLZ-VEL-ROY-1067","Luxury Velvet Blazers","mens_black_paisley_pattern_velvet_model_1059.webp","Duplicate Image"
"Men's Velvet White Blazer - Luxury Collection","BLZ-VEL-WHI-1086","Luxury Velvet Blazers","mens_black_paisley_pattern_velvet_model_1059.webp","Duplicate Image"
"Men's Black Slim Fit Mock Neck Dress Shirt - 2025 Collection","KCT-SHIRT-3003","Men's Dress Shirts","mens_dress_shirt_mock_neck_3001_0.webp","Duplicate Image"
"Men's Black Slim Fit Turtle Neck Dress Shirt - 2025 Collection","KCT-SHIRT-3002","Men's Dress Shirts","mens_dress_shirt_mock_neck_3001_0.webp","Duplicate Image"
"Men's Grey Slim Fit Turtle Neck Dress Shirt - 2025 Collection","KCT-SHIRT-3012","Men's Dress Shirts","mens_dress_shirt_mock_neck_3001_0.webp","Duplicate Image"
"Men's Light Blue Slim Fit Turtle Neck Dress Shirt - 2025 Collection","KCT-SHIRT-3010","Men's Dress Shirts","mens_dress_shirt_mock_neck_3001_0.webp","Duplicate Image"
"Men's Navy Blue Slim Fit Mock Neck Dress Shirt - 2025 Collection","KCT-SHIRT-3001","Men's Dress Shirts","mens_dress_shirt_mock_neck_3001_0.webp","Duplicate Image"
"Men's Tan Slim Fit Mock Neck Dress Shirt - 2025 Collection","KCT-SHIRT-3011","Men's Dress Shirts","mens_dress_shirt_mock_neck_3001_0.webp","Duplicate Image"
"Men's Tan Slim Fit Turtle Neck Dress Shirt - 2025 Collection","KCT-SHIRT-3006","Men's Dress Shirts","mens_dress_shirt_mock_neck_3001_0.webp","Duplicate Image"
"Men's White Slim Fit Mock Neck Dress Shirt - 2025 Collection","KCT-SHIRT-3007","Men's Dress Shirts","mens_dress_shirt_mock_neck_3001_0.webp","Duplicate Image"
"Men's White Slim Fit Turtle Neck Dress Shirt - 2025 Collection","KCT-SHIRT-3009","Men's Dress Shirts","mens_dress_shirt_mock_neck_3001_0.webp","Duplicate Image"
"Brown Classic Check Double Breasted Suit","SUIT-DB-001","Men's Suits","mens_double_breasted_suit_2021_0.webp","Duplicate Image"
"Charcoal Grey Executive Suit","SUIT-004","Men's Suits","mens_double_breasted_suit_2021_0.webp","Duplicate Image"
"Classic Navy Business Suit","SUIT-003","Men's Suits","mens_double_breasted_suit_2021_0.webp","Duplicate Image"
"Gray Classic Double Breasted Suit Ensemble","SUIT-DB-002","Men's Suits","mens_double_breasted_suit_2021_0.webp","Duplicate Image"
"Lavender Dream Double Breasted Suit","SUIT-DB-003","Men's Suits","mens_double_breasted_suit_2021_0.webp","Duplicate Image"
"Men's Black Stretch Travel Suit - 2025 Collection","KCT-SUIT-2028","Men's Suits","mens_double_breasted_suit_2021_0.webp","Duplicate Image"
"Men's Burgundy Stretch Travel Suit - 2025 Collection","KCT-SUIT-2031","Men's Suits","mens_double_breasted_suit_2021_0.webp","Duplicate Image"
"Men's Classic Black Solid Tuxedo - 2025 Collection","KCT-SUIT-2013","Men's Suits","suit_black-3-piece-suit_1.0.jpg","Duplicate Image"
"Men's Classic Black Solid Tuxedo - 2025 Collection","KCT-SUIT-2006","Men's Suits","suit_black-3-piece-suit_1.0.jpg","Duplicate Image"
"Men's Classic Navy Blue Solid Tuxedo - 2025 Collection","KCT-SUIT-2019","Men's Suits","suit_black-3-piece-suit_1.0.jpg","Duplicate Image"
"Men's Classic Purple Solid Tuxedo - 2025 Collection","KCT-SUIT-2018","Men's Suits","suit_black-3-piece-suit_1.0.jpg","Duplicate Image"
"Men's Classic Wine Solid Tuxedo with Vest - 2025 Collection","KCT-SUIT-2015","Men's Suits","mens_double_breasted_suit_2021_0.webp","Duplicate Image"
"Men's Double Breasted Black Solid Suit - Shawl Lapel - Satin Accents - 2025 Collection","KCT-SUIT-2021","Men's Suits","mens_double_breasted_suit_2021_0.webp","Duplicate Image"
"Men's Double Breasted Grey Solid Suit - 2025 Collection","KCT-SUIT-2024","Men's Suits","mens_double_breasted_suit_2021_0.webp","Duplicate Image"
"Men's Double Breasted Pink Solid Suit - 2025 Collection","KCT-SUIT-2022","Men's Suits","mens_double_breasted_suit_2021_0.webp","Duplicate Image"
"Men's Double Breasted Pink Solid Suit - 2025 Collection","KCT-SUIT-2023","Men's Suits","mens_double_breasted_suit_2021_0.webp","Duplicate Image"
"Men's Gold Classic Solid Suit - 2025 Collection","KCT-SUIT-2035","Men's Suits","mens_double_breasted_suit_2021_0.webp","Duplicate Image"
"Men's Green Stretch Travel Suit - 2025 Collection","KCT-SUIT-2029","Men's Suits","mens_double_breasted_suit_2021_0.webp","Duplicate Image"
"Men's Grey Stretch Travel Suit - 2025 Collection","KCT-SUIT-2026","Men's Suits","mens_double_breasted_suit_2021_0.webp","Duplicate Image"
"Men's Mauve Stretch Travel Suit - 2025 Collection","KCT-SUIT-2025","Men's Suits","mens_double_breasted_suit_2021_0.webp","Duplicate Image"
"Men's Mint Classic Solid Suit - 2025 Collection","KCT-SUIT-2037","Men's Suits","mens_double_breasted_suit_2021_0.webp","Duplicate Image"
"Men's Pink Stretch Travel Suit - 2025 Collection","KCT-SUIT-2030","Men's Suits","mens_double_breasted_suit_2021_0.webp","Duplicate Image"
"Men's Rust Classic Solid Suit - 2025 Collection","KCT-SUIT-2036","Men's Suits","mens_double_breasted_suit_2021_0.webp","Duplicate Image"
"Men's Salmon Stretch Travel Suit - 2025 Collection","KCT-SUIT-2033","Men's Suits","mens_double_breasted_suit_2021_0.webp","Duplicate Image"
"Men's Tan Stretch Travel Suit - 2025 Collection","KCT-SUIT-2032","Men's Suits","mens_double_breasted_suit_2021_0.webp","Duplicate Image"
"Men's Tan Stretch Travel Suit - 2025 Collection","KCT-SUIT-2027","Men's Suits","mens_double_breasted_suit_2021_0.webp","Duplicate Image"
"Men's Wedding Black Solid Tuxedo - 2025 Collection","KCT-SUIT-2003","Men's Suits","suit_black-3-piece-suit_1.0.jpg","Duplicate Image"
"Men's Wedding Grey Solid Tuxedo - 2025 Collection","KCT-SUIT-2017","Men's Suits","suit_black-3-piece-suit_1.0.jpg","Duplicate Image"
"Men's Wedding Grey Solid Tuxedo - 2025 Collection","KCT-SUIT-2007","Men's Suits","suit_black-3-piece-suit_1.0.jpg","Duplicate Image"
"Men's Wedding Pink Paisley Tuxedo - Satin Accents - 2025 Collection","KCT-SUIT-2002","Men's Suits","suit_black-3-piece-suit_1.0.jpg","Duplicate Image"
"Men's Wedding Pink Solid Tuxedo - 2025 Collection","KCT-SUIT-2012","Men's Suits","suit_black-3-piece-suit_1.0.jpg","Duplicate Image"
"Ocean Blue Textured Double Breasted Suit","SUIT-DB-005","Men's Suits","mens_double_breasted_suit_2021_0.webp","Duplicate Image"
"Pink Pastel Pinstripe Double Breasted Suit","SUIT-DB-004","Men's Suits","mens_double_breasted_suit_2021_0.webp","Duplicate Image"
"Royal Blue Three Piece Suit","SUIT-002","Men's Suits","mens_double_breasted_suit_2021_0.webp","Duplicate Image"
"Sage Elegance Double Breasted Suit","SUIT-DB-008","Men's Suits","mens_double_breasted_suit_2021_0.webp","Duplicate Image"
"Yellow Sunny Elegance Double Breasted Suit","SUIT-DB-006","Men's Suits","mens_double_breasted_suit_2021_0.webp","Duplicate Image"
"Men's Prom Black Floral Blazer - Prom & Wedding 2025","BLZ-PRO-BLA-1009","Prom & Formal Blazers","mens_black_floral_pattern_prom_blazer_model_1009.webp","Duplicate Image"
"Men's Prom Burgundy Floral Blazer - Prom & Wedding 2025","BLZ-PRO-BUR-1011","Prom & Formal Blazers","mens_black_floral_pattern_prom_blazer_model_1009.webp","Duplicate Image"
"Men's Prom Gold Blazer - Prom & Wedding 2025","BLZ-PRO-GOL-1006","Prom & Formal Blazers","mens_black_floral_pattern_prom_blazer_model_1009.webp","Duplicate Image"
"Men's Prom Navy Blue Print Blazer - Prom & Wedding 2025","BLZ-PRO-NAV-1013","Prom & Formal Blazers","mens_black_floral_pattern_prom_blazer_model_1009.webp","Duplicate Image"
"Men's Prom Pink Floral Blazer - Prom & Wedding 2025","BLZ-PRO-PIN-1008","Prom & Formal Blazers","mens_black_floral_pattern_prom_blazer_model_1009.webp","Duplicate Image"
"Men's Prom Teal Floral Blazer - Prom & Wedding 2025","BLZ-PRO-TEA-1005","Prom & Formal Blazers","mens_black_floral_pattern_prom_blazer_model_1009.webp","Duplicate Image"
"Men's Prom White Rhinestone Blazer - Shawl Lapel - Prom & Wedding 2025","BLZ-PRO-WHI-1002","Prom & Formal Blazers","mens_black_floral_pattern_prom_blazer_model_1009.webp","Duplicate Image"
"Men's Tuxedo Black Floral Blazer - Prom & Wedding 2025","BLZ-PRO-BLA-1000","Prom & Formal Blazers","mens_black_floral_pattern_prom_blazer_model_1009.webp","Duplicate Image"
"Men's Tuxedo Black Geometric Blazer - Prom & Wedding 2025","BLZ-PRO-BLA-1016","Prom & Formal Blazers","mens_black_floral_pattern_prom_blazer_model_1009.webp","Duplicate Image"
"Men's Tuxedo Black Geometric Blazer - Prom & Wedding 2025","BLZ-PRO-BLA-1010","Prom & Formal Blazers","mens_black_floral_pattern_prom_blazer_model_1009.webp","Duplicate Image"
"Men's Tuxedo Black Glitter Blazer - Shawl Lapel - Prom & Wedding 2025","BLZ-PRO-BLA-1004","Prom & Formal Blazers","mens_black_floral_pattern_prom_blazer_model_1009.webp","Duplicate Image"
"Men's Tuxedo Red Floral Blazer - Prom & Wedding 2025","BLZ-PRO-RED-1001","Prom & Formal Blazers","mens_black_floral_pattern_prom_blazer_model_1009.webp","Duplicate Image"
"Men's Tuxedo Royal Blue Embellished Blazer - Prom & Wedding 2025","BLZ-PRO-ROY-1003","Prom & Formal Blazers","mens_black_floral_pattern_prom_blazer_model_1009.webp","Duplicate Image"
"Men's Tuxedo Royal Blue Embellished Blazer - Prom & Wedding 2025","BLZ-PRO-ROY-1020","Prom & Formal Blazers","mens_black_floral_pattern_prom_blazer_model_1009.webp","Duplicate Image"
"Men's Sparkle Black Glitter Blazer - Satin Lapel - Party & Special Events","BLZ-SPA-BLA-1030","Sparkle & Sequin Blazers","mens_black_glitter_finish_sparkle_model_1030.webp","Duplicate Image"
"Men's Sparkle Black Sparkle Blazer - Party & Special Events","BLZ-SPA-BLA-1047","Sparkle & Sequin Blazers","mens_black_glitter_finish_sparkle_model_1030.webp","Duplicate Image"
"Men's Sparkle Black Sparkle Blazer - Party & Special Events","BLZ-SPA-BLA-1053","Sparkle & Sequin Blazers","mens_black_glitter_finish_sparkle_model_1030.webp","Duplicate Image"
"Men's Sparkle Black Sparkle Blazer - Party & Special Events","BLZ-SPA-BLA-1036","Sparkle & Sequin Blazers","mens_black_glitter_finish_sparkle_model_1030.webp","Duplicate Image"
"Men's Sparkle Black Sparkle Blazer - Party & Special Events","BLZ-SPA-BLA-1032","Sparkle & Sequin Blazers","mens_black_glitter_finish_sparkle_model_1030.webp","Duplicate Image"
"Men's Sparkle Burgundy Glitter Blazer - Party & Special Events","BLZ-SPA-BUR-1040","Sparkle & Sequin Blazers","mens_black_glitter_finish_sparkle_model_1030.webp","Duplicate Image"
"Men's Sparkle Burgundy Glitter Blazer - Satin Lapel - Party & Special Events","BLZ-SPA-BUR-1046","Sparkle & Sequin Blazers","mens_black_glitter_finish_sparkle_model_1030.webp","Duplicate Image"
"Men's Sparkle Burgundy Sparkle Blazer - Party & Special Events","BLZ-SPA-BUR-1041","Sparkle & Sequin Blazers","mens_black_glitter_finish_sparkle_model_1030.webp","Duplicate Image"
"Men's Sparkle Burgundy Sparkle Blazer - Party & Special Events","BLZ-SPA-BUR-1052","Sparkle & Sequin Blazers","mens_black_glitter_finish_sparkle_model_1030.webp","Duplicate Image"
"Men's Sparkle Gold Baroque Blazer - Party & Special Events","BLZ-SPA-GOL-1050","Sparkle & Sequin Blazers","mens_black_glitter_finish_sparkle_model_1030.webp","Duplicate Image"
"Men's Sparkle Gold Baroque Blazer - Party & Special Events","BLZ-SPA-GOL-1048","Sparkle & Sequin Blazers","mens_black_glitter_finish_sparkle_model_1030.webp","Duplicate Image"
"Men's Sparkle Gold Glitter Blazer - Party & Special Events","BLZ-SPA-GOL-1049","Sparkle & Sequin Blazers","mens_black_glitter_finish_sparkle_model_1030.webp","Duplicate Image"
"Men's Sparkle Gold Glitter Blazer - Party & Special Events","BLZ-SPA-GOL-1037","Sparkle & Sequin Blazers","mens_black_glitter_finish_sparkle_model_1030.webp","Duplicate Image"
"Men's Sparkle Gold Glitter Blazer - Party & Special Events","BLZ-SPA-GOL-1039","Sparkle & Sequin Blazers","mens_black_glitter_finish_sparkle_model_1030.webp","Duplicate Image"
"Men's Sparkle Gold Sparkle Blazer - Party & Special Events","BLZ-SPA-GOL-1031","Sparkle & Sequin Blazers","mens_black_glitter_finish_sparkle_model_1030.webp","Duplicate Image"
"Men's Sparkle Green Glitter Blazer - Party & Special Events","BLZ-SPA-GRE-1033","Sparkle & Sequin Blazers","mens_black_glitter_finish_sparkle_model_1030.webp","Duplicate Image"
"Men's Sparkle Green Sparkle Blazer - Party & Special Events","BLZ-SPA-GRE-1029","Sparkle & Sequin Blazers","mens_black_glitter_finish_sparkle_model_1030.webp","Duplicate Image"
"Men's Sparkle Light Blue Blazer - Party & Special Events","BLZ-SPA-BLU-1034","Sparkle & Sequin Blazers","mens_black_glitter_finish_sparkle_model_1030.webp","Duplicate Image"
"Men's Sparkle Light Blue Blazer - Shawl Lapel - Party & Special Events","BLZ-SPA-BLU-1054","Sparkle & Sequin Blazers","mens_black_glitter_finish_sparkle_model_1030.webp","Duplicate Image"
"Men's Sparkle Navy Blue Glitter Blazer - Satin Lapel - Party & Special Events","BLZ-SPA-NAV-1038","Sparkle & Sequin Blazers","mens_black_glitter_finish_sparkle_model_1030.webp","Duplicate Image"
"Men's Sparkle Navy Blue Sparkle Blazer - Party & Special Events","BLZ-SPA-NAV-1035","Sparkle & Sequin Blazers","mens_black_glitter_finish_sparkle_model_1030.webp","Duplicate Image"
"Men's Sparkle Navy Blue Sparkle Blazer - Party & Special Events","BLZ-SPA-NAV-1051","Sparkle & Sequin Blazers","mens_black_glitter_finish_sparkle_model_1030.webp","Duplicate Image"
"Men's Sparkle Navy Blue Sparkle Blazer - Party & Special Events","BLZ-SPA-NAV-1044","Sparkle & Sequin Blazers","mens_black_glitter_finish_sparkle_model_1030.webp","Duplicate Image"
"Men's Sparkle Red Glitter Blazer - Party & Special Events","BLZ-SPA-RED-1042","Sparkle & Sequin Blazers","mens_black_glitter_finish_sparkle_model_1030.webp","Duplicate Image"
"Men's Sparkle Royal Blue Sparkle Blazer - Party & Special Events","BLZ-SPA-ROY-1045","Sparkle & Sequin Blazers","mens_black_glitter_finish_sparkle_model_1030.webp","Duplicate Image"
"Men's Sparkle White Sparkle Blazer - Party & Special Events","BLZ-SPA-WHI-1043","Sparkle & Sequin Blazers","mens_black_glitter_finish_sparkle_model_1030.webp","Duplicate Image"
"Blush Vest & Tie Set","VT-BLUSH-SET","Vest & Tie Sets","blush-model.png","Duplicate Image"
"Blush Vest And Tie Set","VEST-002","Vest & Tie Sets","blush-model.png","Duplicate Image"
"Burgundy Wine Vest And Tie Set","VST-0024","Vest & Tie Sets","wine-model.png","Duplicate Image"
"Canary Vest & Tie Set","VT-CANARY-SET","Vest & Tie Sets","canary-model.png","Duplicate Image"
"Canary Vest And Tie Set","VST-0002","Vest & Tie Sets","canary-model.png","Duplicate Image"
"Coral Vest & Tie Set","VT-CORAL-SET","Vest & Tie Sets","coral-model.png","Duplicate Image"
"Coral Vest And Tie Set","VST-0005","Vest & Tie Sets","coral-model.png","Duplicate Image"
"Emerald Green Vest & Tie Set","VT-EMERALD-GREEN-SET","Vest & Tie Sets","vest_black-vest-and-tie-set_1.0.jpg","Duplicate Image"
"Fuchsia Vest & Tie Set","VT-FUCHSIA-SET","Vest & Tie Sets","fuchsia-model.png","Duplicate Image"
"Fuchsia Vest And Tie Set","VST-0010","Vest & Tie Sets","fuchsia-model.png","Duplicate Image"
"Gold True Vest And Tie Set","VST-0022","Vest & Tie Sets","gold-model.png","Duplicate Image"
"Gold Vest & Tie Set","VT-GOLD-SET","Vest & Tie Sets","gold-model.png","Duplicate Image"
"Pink Vest & Tie Set","VT-PINK-SET","Vest & Tie Sets","vest_black-vest-and-tie-set_1.0.jpg","Duplicate Image"
"Red Vest & Tie Set","VT-RED-SET","Vest & Tie Sets","blush-model.png","Duplicate Image"
"Rose Gold Vest & Tie Set","VT-ROSE-GOLD-SET","Vest & Tie Sets","gold-model.png","Duplicate Image"
"Wine Vest & Tie Set","VT-WINE-SET","Vest & Tie Sets","wine-model.png","Duplicate Image"
"Brown Suspender & Bowtie Set","SB-BROWN-SET","Accessories","none","Missing Image"
"Gold Sparkle Vest & Bowtie Set","SVB-GOLD-ZZ","Accessories","none","Missing Image"
"Men's Prom Burgundy Paisley Blazer with Matching Bowtie - Prom & Wedding 2025","BLZ-PRO-BUR-1007","Accessories","none","Missing Image"
"Men's Prom Gold Paisley Blazer with Matching Bowtie - Prom & Wedding 2025","BLZ-PRO-GOL-1019","Accessories","none","Missing Image"
"Men's Prom Royal Blue Blazer with Matching Bowtie - Prom & Wedding 2025","BLZ-PRO-ROY-1017","Accessories","none","Missing Image"
"Men's Velvet Purple Blazer with Matching Bowtie - Luxury Collection","BLZ-VEL-PUR-1069","Accessories","none","Missing Image"
"Men's Classic Blush Solid Tuxedo - 2025 Collection","KCT-SUIT-2004","Men's Suits","none","Missing Image"
"Men's Classic Green Solid Tuxedo - 2025 Collection","KCT-SUIT-2009","Men's Suits","none","Missing Image"
"Men's Classic Rust Solid Tuxedo - 2025 Collection","KCT-SUIT-2008","Men's Suits","none","Missing Image"
"Men's Classic Sand Solid Tuxedo - 2025 Collection","KCT-SUIT-2011","Men's Suits","none","Missing Image"
"Men's Wedding Black Paisley Tuxedo - Satin Accents - 2025 Collection","KCT-SUIT-2001","Men's Suits","none","Missing Image"
"Men's Wedding Black Solid Tuxedo - 2025 Collection","KCT-SUIT-2005","Men's Suits","none","Missing Image"
"Men's Wedding Gold Solid Tuxedo - 2025 Collection","KCT-SUIT-2014","Men's Suits","none","Missing Image"
"Men's Wedding Ivory Paisley Tuxedo - 2025 Collection","KCT-SUIT-2010","Men's Suits","none","Missing Image"
"Men's Wedding Ivory Paisley Tuxedo - Satin Accents - 2025 Collection","KCT-SUIT-2020","Men's Suits","none","Missing Image"
"Turquoise Vest & Tie Set","VT-TURQUOISE-SET","Vest & Tie Sets","none","Missing Image"
"Men's Prom White Blazer with Matching Bowtie - Prom & Wedding 2025","BLZ-PRO-WHI-1012","Accessories","placeholder","Placeholder Image"
"Men's Classic Black Solid Tuxedo - 2025 Collection","KCT-SUIT-2016","Men's Suits","placeholder","Placeholder Image"
"w","w","Uncategorized","placeholder","Placeholder Image"