product_slug,product_name,image_count_ok,total_images,bad_images,image_1,image_2,image_3,image_4,image_5,image_6,image_7,image_8,image_9,image_10,image_11,image_12
bowtie-bowtie-collection,Pink Bowtie Bowtie Collection,2,2,0,https://pub-5cd8c531c0034986bf6282a223bd0564.r2.dev/tie_clean_batch_01/tie_clean_batch_02/bowtie_green-bowtie-collection_1.0.jpg,https://pub-5cd8c531c0034986bf6282a223bd0564.r2.dev/tie_clean_batch_01/tie_clean_batch_02/bowtie_pink-bowtie-collection_1.0.jpg,,,,,,,,,,
bowtie-bow-tie-collection,Purple Bowtie Bow Tie Collection,1,1,0,https://pub-5cd8c531c0034986bf6282a223bd0564.r2.dev/tie_clean_batch_01/tie_clean_batch_03/bowtie_purple-bow-tie-collection_1.0.jpg,,,,,,,,,,,
bowtie-bowtie,Red Bowtie Bowtie,1,1,0,https://pub-5cd8c531c0034986bf6282a223bd0564.r2.dev/tie_clean_batch_01/tie_clean_batch_02/bowtie_red-bowtie_1.0.jpg,,,,,,,,,,,
bowtie-bowtie-or-tie,Black Bowtie Bowtie OR Tie,1,1,0,https://pub-5cd8c531c0034986bf6282a223bd0564.r2.dev/tie_clean_batch_01/bowtie_black-bowtie-or-tie_1.0.jpg,,,,,,,,,,,
bowtie-all-color-bowties,Bowtie All Color Bowties,1,1,0,https://pub-5cd8c531c0034986bf6282a223bd0564.r2.dev/tie_clean_batch_01/tie_clean_batch_04/bowtie_all-color-bowties_1.0.jpg,,,,,,,,,,,
bowtie-bowties-collection,Blue Bowtie Bowties Collection,1,1,0,https://pub-5cd8c531c0034986bf6282a223bd0564.r2.dev/tie_clean_batch_01/tie_clean_batch_02/bowtie_blue-bowties-collection_1.0.jpg,,,,,,,,,,,
jacket-velvet-jacket-bowtie,Royal Blue Jacket Velvet Jacket Bowtie,1,1,0,https://pub-5cd8c531c0034986bf6282a223bd0564.r2.dev/tie_clean_batch_01/jacket_royal-blue-velvet-jacket-bowtie_1.0.jpg,,,,,,,,,,,
nan-all-color-bowties,Nan All Color Bowties,10,10,0,https://pub-5cd8c531c0034986bf6282a223bd0564.r2.dev/tie_clean_batch_01/nan_all-color-bowties_4.0.jpg,https://pub-5cd8c531c0034986bf6282a223bd0564.r2.dev/tie_clean_batch_01/tie_clean_batch_03/nan_all-color-bowties_9.0.jpg,https://pub-5cd8c531c0034986bf6282a223bd0564.r2.dev/tie_clean_batch_01/tie_clean_batch_03/nan_all-color-bowties_10.0.jpg,https://pub-5cd8c531c0034986bf6282a223bd0564.r2.dev/tie_clean_batch_01/tie_clean_batch_03/nan_all-color-bowties_12.0.jpg,https://pub-5cd8c531c0034986bf6282a223bd0564.r2.dev/tie_clean_batch_01/tie_clean_batch_03/nan_all-color-bowties_14.0.jpg,https://pub-5cd8c531c0034986bf6282a223bd0564.r2.dev/tie_clean_batch_01/tie_clean_batch_03/nan_all-color-bowties_16.0.jpg,https://pub-5cd8c531c0034986bf6282a223bd0564.r2.dev/tie_clean_batch_01/tie_clean_batch_04/nan_all-color-bowties_11.0.jpg,https://pub-5cd8c531c0034986bf6282a223bd0564.r2.dev/tie_clean_batch_01/tie_clean_batch_04/nan_all-color-bowties_13.0.jpg,https://pub-5cd8c531c0034986bf6282a223bd0564.r2.dev/tie_clean_batch_01/tie_clean_batch_04/nan_all-color-bowties_15.0.jpg,https://pub-5cd8c531c0034986bf6282a223bd0564.r2.dev/tie_clean_batch_01/tie_clean_batch_04/nan_all-color-bowties_17.0.jpg,,
nan-aqua-bowtie-or-tie,Nan Aqua Bowtie OR Tie,1,1,0,https://pub-5cd8c531c0034986bf6282a223bd0564.r2.dev/tie_clean_batch_01/nan_aqua-bowtie-or-tie_2.0.jpg,,,,,,,,,,,
nan-aqua-bowtie-solo-ties,Nan Aqua Bowtie Solo Ties,1,1,0,https://pub-5cd8c531c0034986bf6282a223bd0564.r2.dev/tie_clean_batch_01/nan_aqua-bowtie-solo-ties_2.0.jpg,,,,,,,,,,,
nan-apple-solo-ties,Red Nan Apple Solo Ties,1,1,0,https://pub-5cd8c531c0034986bf6282a223bd0564.r2.dev/tie_clean_batch_01/tie_clean_batch_03/nan_apple-red-solo-ties_2.0.jpg,,,,,,,,,,,
nan-apple-bowtie-or-tie,Red Nan Apple Bowtie OR Tie,1,1,0,https://pub-5cd8c531c0034986bf6282a223bd0564.r2.dev/tie_clean_batch_01/nan_apple-red-bowtie-or-tie_2.0.jpg,,,,,,,,,,,
nan-baby-bowtie-or-tie,Blue Nan Baby Bowtie OR Tie,1,1,0,https://pub-5cd8c531c0034986bf6282a223bd0564.r2.dev/tie_clean_batch_01/tie_clean_batch_03/nan_baby-blue-bowtie-or-tie_4.0.jpg,,,,,,,,,,,
nan-bow-tie,Peach Nan Bow Tie,1,1,0,https://pub-5cd8c531c0034986bf6282a223bd0564.r2.dev/tie_clean_batch_01/tie_clean_batch_02/nan_peach-bow-tie_1.0.png,,,,,,,,,,,
nan-baby-solo-ties,Blue Nan Baby Solo Ties,1,1,0,https://pub-5cd8c531c0034986bf6282a223bd0564.r2.dev/tie_clean_batch_01/nan_baby-blue-solo-ties_2.0.jpg,,,,,,,,,,,
nan-blush-bowtie-or-tie,Nan Blush Bowtie OR Tie,1,1,0,https://pub-5cd8c531c0034986bf6282a223bd0564.r2.dev/tie_clean_batch_01/nan_blush-bowtie-or-tie_1.0.jpg,,,,,,,,,,,
nan-bow-tie-collection,Red Orange Nan Bow Tie Collection,2,2,0,https://pub-5cd8c531c0034986bf6282a223bd0564.r2.dev/tie_clean_batch_01/nan_purple-bow-tie-collection_6.0.jpg,https://pub-5cd8c531c0034986bf6282a223bd0564.r2.dev/tie_clean_batch_01/nan_red-orange-bow-tie-collection_3.0.jpg,,,,,,,,,,
nan-banana-solo-ties,Yellow Nan Banana Solo Ties,1,1,0,https://pub-5cd8c531c0034986bf6282a223bd0564.r2.dev/tie_clean_batch_01/nan_banana-yellow-solo-ties_2.0.jpg,,,,,,,,,,,
nan-bowtie,Yellow Nan Bowtie,5,5,0,https://pub-5cd8c531c0034986bf6282a223bd0564.r2.dev/tie_clean_batch_01/nan_grey-bowtie_1.0.png,https://pub-5cd8c531c0034986bf6282a223bd0564.r2.dev/tie_clean_batch_01/tie_clean_batch_02/nan_navy-bowtie_1.0.png,https://pub-5cd8c531c0034986bf6282a223bd0564.r2.dev/tie_clean_batch_01/tie_clean_batch_02/nan_rose-pink-bowtie_1.0.png,https://pub-5cd8c531c0034986bf6282a223bd0564.r2.dev/tie_clean_batch_01/tie_clean_batch_03/nan_pink-bowtie_1.0.png,https://pub-5cd8c531c0034986bf6282a223bd0564.r2.dev/tie_clean_batch_01/tie_clean_batch_04/nan_yellow-bowtie_1.0.jpg,,,,,,,
nan-banana-bowtie-or-tie,Yellow Nan Banana Bowtie OR Tie,1,1,0,https://pub-5cd8c531c0034986bf6282a223bd0564.r2.dev/tie_clean_batch_01/nan_banana-yellow-bowtie-or-tie_1.0.jpg,,,,,,,,,,,
nan-bowtie-collection,Pink Nan Bowtie Collection,2,2,0,https://pub-5cd8c531c0034986bf6282a223bd0564.r2.dev/tie_clean_batch_01/tie_clean_batch_02/nan_green-bowtie-collection_4.0.jpg,https://pub-5cd8c531c0034986bf6282a223bd0564.r2.dev/tie_clean_batch_01/tie_clean_batch_03/nan_pink-bowtie-collection_4.0.jpg,,,,,,,,,,
nan-blush-solo-ties,Nan Blush Solo Ties,1,1,0,https://pub-5cd8c531c0034986bf6282a223bd0564.r2.dev/tie_clean_batch_01/tie_clean_batch_02/nan_blush-solo-ties_3.0.jpg,,,,,,,,,,,
nan-bowtie-or-tie,Yellow Nan Bowtie OR Tie,23,23,0,https://pub-5cd8c531c0034986bf6282a223bd0564.r2.dev/tie_clean_batch_01/nan_burgundy-bowtie-or-tie_1.0.jpg,https://pub-5cd8c531c0034986bf6282a223bd0564.r2.dev/tie_clean_batch_01/nan_ivory-bowtie-or-tie_3.0.jpg,https://pub-5cd8c531c0034986bf6282a223bd0564.r2.dev/tie_clean_batch_01/nan_mint-bowtie-or-tie_1.0.jpg,https://pub-5cd8c531c0034986bf6282a223bd0564.r2.dev/tie_clean_batch_01/nan_olive-green-bowtie-or-tie_3.0.jpg,https://pub-5cd8c531c0034986bf6282a223bd0564.r2.dev/tie_clean_batch_01/nan_orange-bowtie-or-tie_4.0.jpg,https://pub-5cd8c531c0034986bf6282a223bd0564.r2.dev/tie_clean_batch_01/nan_orange-bowtie-or-tie-1_3.0.jpg,https://pub-5cd8c531c0034986bf6282a223bd0564.r2.dev/tie_clean_batch_01/nan_royal-blue-bowtie-or-tie_1.0.jpg,https://pub-5cd8c531c0034986bf6282a223bd0564.r2.dev/tie_clean_batch_01/tie_clean_batch_02/nan_charcoal-bowtie-or-tie_4.0.jpg,https://pub-5cd8c531c0034986bf6282a223bd0564.r2.dev/tie_clean_batch_01/tie_clean_batch_02/nan_peach-bowtie-or-tie_1.0.jpg,https://pub-5cd8c531c0034986bf6282a223bd0564.r2.dev/tie_clean_batch_01/tie_clean_batch_02/nan_pink-bowtie-or-tie_3.0.jpg,https://pub-5cd8c531c0034986bf6282a223bd0564.r2.dev/tie_clean_batch_01/tie_clean_batch_02/nan_silver-bowtie-or-tie_4.0.jpg,https://pub-5cd8c531c0034986bf6282a223bd0564.r2.dev/tie_clean_batch_01/tie_clean_batch_03/nan_beige-bowtie-or-tie_2.0.jpg
nan-bowties-collection,Blue Nan Bowties Collection,1,1,0,https://pub-5cd8c531c0034986bf6282a223bd0564.r2.dev/tie_clean_batch_01/tie_clean_batch_02/nan_blue-bowties-collection_4.0.jpg,,,,,,,,,,,
nan-bright-pastel-bow-tie-collection,Nan Bright Pastel Bow Tie Collection,1,1,0,https://pub-5cd8c531c0034986bf6282a223bd0564.r2.dev/tie_clean_batch_01/tie_clean_batch_02/nan_bright-pastel-bow-tie-collection_3.0.jpg,,,,,,,,,,,
nan-canary-bowtie-or-tie,Nan Canary Bowtie OR Tie,1,1,0,https://pub-5cd8c531c0034986bf6282a223bd0564.r2.dev/tie_clean_batch_01/tie_clean_batch_03/nan_canary-bowtie-or-tie_2.0.jpg,,,,,,,,,,,
nan-canary-solo-ties,Nan Canary Solo Ties,1,1,0,https://pub-5cd8c531c0034986bf6282a223bd0564.r2.dev/tie_clean_batch_01/nan_canary-solo-ties_2.0.jpg,,,,,,,,,,,
nan-chianti-solo-ties,Nan Chianti Solo Ties,1,1,0,https://pub-5cd8c531c0034986bf6282a223bd0564.r2.dev/tie_clean_batch_01/tie_clean_batch_03/nan_chianti-solo-ties_2.0.jpg,,,,,,,,,,,
nan-carolina-solo-ties,Blue Nan Carolina Solo Ties,1,1,0,https://pub-5cd8c531c0034986bf6282a223bd0564.r2.dev/tie_clean_batch_01/nan_carolina-blue-solo-ties_2.0.jpg,,,,,,,,,,,
nan-carolina-bowtie-or-tie,Blue Nan Carolina Bowtie OR Tie,1,1,0,https://pub-5cd8c531c0034986bf6282a223bd0564.r2.dev/tie_clean_batch_01/nan_carolina-blue-bowtie-or-tie_3.0.jpg,,,,,,,,,,,
nan-chocolate-solo-ties,Brown Nan Chocolate Solo Ties,1,1,0,https://pub-5cd8c531c0034986bf6282a223bd0564.r2.dev/tie_clean_batch_01/tie_clean_batch_03/nan_chocolate-brown-solo-ties_3.0.jpg,,,,,,,,,,,
nan-chocolate-bowtie-or-tie,Brown Nan Chocolate Bowtie OR Tie,1,1,0,https://pub-5cd8c531c0034986bf6282a223bd0564.r2.dev/tie_clean_batch_01/nan_chocolate-brown-bowtie-or-tie_1.0.jpg,,,,,,,,,,,
nan-chianti-bowtie-or-tie,Nan Chianti Bowtie OR Tie,1,1,0,https://pub-5cd8c531c0034986bf6282a223bd0564.r2.dev/tie_clean_batch_01/tie_clean_batch_02/nan_chianti-bowtie-or-tie_3.0.jpg,,,,,,,,,,,
nan-cinnamon-solo-ties,Nan Cinnamon Solo Ties,1,1,0,https://pub-5cd8c531c0034986bf6282a223bd0564.r2.dev/tie_clean_batch_01/tie_clean_batch_02/nan_cinnamon-solo-ties_2.0.jpg,,,,,,,,,,,
nan-cinnamon-bowtie-or-tie,Nan Cinnamon Bowtie OR Tie,1,1,0,https://pub-5cd8c531c0034986bf6282a223bd0564.r2.dev/tie_clean_batch_01/tie_clean_batch_02/nan_cinnamon-bowtie-or-tie_1.0.jpg,,,,,,,,,,,
nan-coral-bowtie-or-tie,Nan Coral Bowtie OR Tie,1,1,0,https://pub-5cd8c531c0034986bf6282a223bd0564.r2.dev/tie_clean_batch_01/tie_clean_batch_03/nan_coral-bowtie-or-tie_3.0.jpg,,,,,,,,,,,
nan-classic-bowtie-collection,Nan Classic Bowtie Collection,1,1,0,https://pub-5cd8c531c0034986bf6282a223bd0564.r2.dev/tie_clean_batch_01/tie_clean_batch_02/nan_classic-bowtie-collection_5.0.jpg,,,,,,,,,,,
nan-coral-solo-ties,Nan Coral Solo Ties,1,1,0,https://pub-5cd8c531c0034986bf6282a223bd0564.r2.dev/tie_clean_batch_01/tie_clean_batch_03/nan_coral-solo-ties_3.0.jpg,,,,,,,,,,,
nan-dark-bowtie-or-tie,Olive Nan Dark Bowtie OR Tie,4,4,0,https://pub-5cd8c531c0034986bf6282a223bd0564.r2.dev/tie_clean_batch_01/nan_dark-silver-bowtie-or-tie_2.0.jpg,https://pub-5cd8c531c0034986bf6282a223bd0564.r2.dev/tie_clean_batch_01/tie_clean_batch_02/nan_dark-navy-bowtie-or-tie_4.0.jpg,https://pub-5cd8c531c0034986bf6282a223bd0564.r2.dev/tie_clean_batch_01/tie_clean_batch_03/nan_dark-grey-bowtie-or-tie_4.0.jpg,https://pub-5cd8c531c0034986bf6282a223bd0564.r2.dev/tie_clean_batch_01/tie_clean_batch_03/nan_dark-olive-bowtie-or-tie_3.0.jpg,,,,,,,,
nan-dark-solo-ties,Olive Nan Dark Solo Ties,4,4,0,https://pub-5cd8c531c0034986bf6282a223bd0564.r2.dev/tie_clean_batch_01/tie_clean_batch_02/nan_dark-grey-solo-ties_2.0.jpg,https://pub-5cd8c531c0034986bf6282a223bd0564.r2.dev/tie_clean_batch_01/tie_clean_batch_02/nan_dark-navy-solo-ties_3.0.jpg,https://pub-5cd8c531c0034986bf6282a223bd0564.r2.dev/tie_clean_batch_01/tie_clean_batch_02/nan_dark-silver-solo-ties_1.0.jpg,https://pub-5cd8c531c0034986bf6282a223bd0564.r2.dev/tie_clean_batch_01/tie_clean_batch_03/nan_dark-olive-solo-ties_1.0.jpg,,,,,,,,
nan-deep-bowtie-or-tie,Purple Nan Deep Bowtie OR Tie,1,1,0,https://pub-5cd8c531c0034986bf6282a223bd0564.r2.dev/tie_clean_batch_01/nan_deep-purple-bowtie-or-tie_4.0.jpg,,,,,,,,,,,
nan-deep-solo-ties,Purple Nan Deep Solo Ties,1,1,0,https://pub-5cd8c531c0034986bf6282a223bd0564.r2.dev/tie_clean_batch_01/nan_deep-purple-solo-ties_3.0.jpg,,,,,,,,,,,
nan-dusty-bowtie-or-tie,Rose Nan Dusty Bowtie OR Tie,1,1,0,https://pub-5cd8c531c0034986bf6282a223bd0564.r2.dev/tie_clean_batch_01/tie_clean_batch_03/nan_dusty-rose-bowtie-or-tie_1.0.jpg,,,,,,,,,,,
nan-dusty-solo-ties,Rose Nan Dusty Solo Ties,1,1,0,https://pub-5cd8c531c0034986bf6282a223bd0564.r2.dev/tie_clean_batch_01/nan_dusty-rose-solo-ties_3.0.jpg,,,,,,,,,,,
nan-emerald-bowtie-or-tie,Green Nan Emerald Bowtie OR Tie,1,1,0,https://pub-5cd8c531c0034986bf6282a223bd0564.r2.dev/tie_clean_batch_01/tie_clean_batch_03/nan_emerald-green-bowtie-or-tie_4.0.jpg,,,,,,,,,,,
nan-emerald-solo-ties,Green Nan Emerald Solo Ties,1,1,0,https://pub-5cd8c531c0034986bf6282a223bd0564.r2.dev/tie_clean_batch_01/tie_clean_batch_03/nan_emerald-green-solo-ties_2.0.jpg,,,,,,,,,,,
nan-forest-bowtie-or-tie,Green Nan Forest Bowtie OR Tie,1,1,0,https://pub-5cd8c531c0034986bf6282a223bd0564.r2.dev/tie_clean_batch_01/tie_clean_batch_03/nan_forest-green-bowtie-or-tie_1.0.jpg,,,,,,,,,,,
nan-forest-solo-ties,Green Nan Forest Solo Ties,1,1,0,https://pub-5cd8c531c0034986bf6282a223bd0564.r2.dev/tie_clean_batch_01/tie_clean_batch_03/nan_forest-green-solo-ties_2.0.jpg,,,,,,,,,,,
nan-french-bowtie-or-tie,Rose Nan French Bowtie OR Tie,2,2,0,https://pub-5cd8c531c0034986bf6282a223bd0564.r2.dev/tie_clean_batch_01/nan_french-blue-bowtie-or-tie_2.0.jpg,https://pub-5cd8c531c0034986bf6282a223bd0564.r2.dev/tie_clean_batch_01/nan_french-rose-bowtie-or-tie_4.0.jpg,,,,,,,,,,
nan-french-solo-ties,Rose Nan French Solo Ties,2,2,0,https://pub-5cd8c531c0034986bf6282a223bd0564.r2.dev/tie_clean_batch_01/nan_french-blue-solo-ties_3.0.jpg,https://pub-5cd8c531c0034986bf6282a223bd0564.r2.dev/tie_clean_batch_01/nan_french-rose-solo-ties_1.0.jpg,,,,,,,,,,
nan-fuchsia-bowtie-or-tie,Nan Fuchsia Bowtie OR Tie,1,1,0,https://pub-5cd8c531c0034986bf6282a223bd0564.r2.dev/tie_clean_batch_01/tie_clean_batch_03/nan_fuchsia-bowtie-or-tie_1.0.jpg,,,,,,,,,,,
nan-fuchsia-solo-ties,Nan Fuchsia Solo Ties,1,1,0,https://pub-5cd8c531c0034986bf6282a223bd0564.r2.dev/tie_clean_batch_01/nan_fuchsia-solo-ties_1.0.jpg,,,,,,,,,,,
nan-light-blush-bowtie-or-tie,Nan Light Blush Bowtie OR Tie,1,1,0,https://pub-5cd8c531c0034986bf6282a223bd0564.r2.dev/tie_clean_batch_01/nan_light-blush-bowtie-or-tie_4.0.jpg,,,,,,,,,,,
nan-lettuce-solo-ties,Green Nan Lettuce Solo Ties,1,1,0,https://pub-5cd8c531c0034986bf6282a223bd0564.r2.dev/tie_clean_batch_01/nan_lettuce-green-solo-ties_2.0.jpg,,,,,,,,,,,
nan-lettuce-bowtie-or-tie,Green Nan Lettuce Bowtie OR Tie,1,1,0,https://pub-5cd8c531c0034986bf6282a223bd0564.r2.dev/tie_clean_batch_01/nan_lettuce-green-bowtie-or-tie_1.0.jpg,,,,,,,,,,,
nan-light-blush-solo-ties,Nan Light Blush Solo Ties,1,1,0,https://pub-5cd8c531c0034986bf6282a223bd0564.r2.dev/tie_clean_batch_01/tie_clean_batch_02/nan_light-blush-solo-ties_2.0.jpg,,,,,,,,,,,
nan-light-bowtie-or-tie,Pink Nan Light Bowtie OR Tie,2,2,0,https://pub-5cd8c531c0034986bf6282a223bd0564.r2.dev/tie_clean_batch_01/tie_clean_batch_02/nan_light-lilac-bowtie-or-tie_4.0.jpg,https://pub-5cd8c531c0034986bf6282a223bd0564.r2.dev/tie_clean_batch_01/tie_clean_batch_03/nan_light-pink-bowtie-or-tie_3.0.jpg,,,,,,,,,,
nan-light-solo-ties,Pink Nan Light Solo Ties,2,2,0,https://pub-5cd8c531c0034986bf6282a223bd0564.r2.dev/tie_clean_batch_01/nan_light-lilac-solo-ties_1.0.jpg,https://pub-5cd8c531c0034986bf6282a223bd0564.r2.dev/tie_clean_batch_01/tie_clean_batch_03/nan_light-pink-solo-ties_2.0.jpg,,,,,,,,,,
nan-lime-solo-ties,Nan Lime Solo Ties,1,1,0,https://pub-5cd8c531c0034986bf6282a223bd0564.r2.dev/tie_clean_batch_01/tie_clean_batch_03/nan_lime-solo-ties_1.0.jpg,,,,,,,,,,,
nan-lime-bowtie-or-tie,Nan Lime Bowtie OR Tie,1,1,0,https://pub-5cd8c531c0034986bf6282a223bd0564.r2.dev/tie_clean_batch_01/nan_lime-bowtie-or-tie_2.0.jpg,,,,,,,,,,,
nan-magenta-bowtie-or-tie,Nan Magenta Bowtie OR Tie,1,1,0,https://pub-5cd8c531c0034986bf6282a223bd0564.r2.dev/tie_clean_batch_01/nan_magenta-bowtie-or-tie_4.0.jpg,,,,,,,,,,,
nan-magenta-solo-ties,Nan Magenta Solo Ties,1,1,0,https://pub-5cd8c531c0034986bf6282a223bd0564.r2.dev/tie_clean_batch_01/tie_clean_batch_02/nan_magenta-solo-ties_3.0.jpg,,,,,,,,,,,
nan-mauve-solo-ties,Nan Mauve Solo Ties,1,1,0,https://pub-5cd8c531c0034986bf6282a223bd0564.r2.dev/tie_clean_batch_01/nan_mauve-solo-ties_2.0.jpg,,,,,,,,,,,
nan-mauve-bowtie-or-tie,Nan Mauve Bowtie OR Tie,1,1,0,https://pub-5cd8c531c0034986bf6282a223bd0564.r2.dev/tie_clean_batch_01/tie_clean_batch_02/nan_mauve-bowtie-or-tie_2.0.jpg,,,,,,,,,,,
nan-medium-solo-ties,Purple Nan Medium Solo Ties,1,1,0,https://pub-5cd8c531c0034986bf6282a223bd0564.r2.dev/tie_clean_batch_01/nan_medium-purple-solo-ties_2.0.jpg,,,,,,,,,,,
nan-medium-bowtie-or-tie,Purple Nan Medium Bowtie OR Tie,1,1,0,https://pub-5cd8c531c0034986bf6282a223bd0564.r2.dev/tie_clean_batch_01/nan_medium-purple-bowtie-or-tie_3.0.jpg,,,,,,,,,,,
nan-mermaid-bowtie-or-tie,Green Nan Mermaid Bowtie OR Tie,1,1,0,https://pub-5cd8c531c0034986bf6282a223bd0564.r2.dev/tie_clean_batch_01/nan_mermaid-green-bowtie-or-tie_3.0.jpg,,,,,,,,,,,
nan-mermaid-solo-ties,Green Nan Mermaid Solo Ties,1,1,0,https://pub-5cd8c531c0034986bf6282a223bd0564.r2.dev/tie_clean_batch_01/tie_clean_batch_02/nan_mermaid-green-solo-ties_2.0.jpg,,,,,,,,,,,
nan-of-bowtie,Royal Blue Nan OF Bowtie,1,1,0,https://pub-5cd8c531c0034986bf6282a223bd0564.r2.dev/tie_clean_batch_01/nan_copy-of-royal-blue-bowtie_1.0.png,,,,,,,,,,,
nan-of-skinny-tie,Black Nan OF Skinny Tie,1,1,0,https://pub-5cd8c531c0034986bf6282a223bd0564.r2.dev/tie_clean_batch_01/nan_copy-of-black-skinny-tie_9.0.png,,,,,,,,,,,
nan-pastel-bowtie-or-tie,Purple Nan Pastel Bowtie OR Tie,2,2,0,https://pub-5cd8c531c0034986bf6282a223bd0564.r2.dev/tie_clean_batch_01/tie_clean_batch_02/nan_pastel-green-bowtie-or-tie_3.0.jpg,https://pub-5cd8c531c0034986bf6282a223bd0564.r2.dev/tie_clean_batch_01/tie_clean_batch_03/nan_pastel-purple-bowtie-or-tie_1.0.jpg,,,,,,,,,,
nan-plum-solo-ties,Nan Plum Solo Ties,1,1,0,https://pub-5cd8c531c0034986bf6282a223bd0564.r2.dev/tie_clean_batch_01/nan_plum-solo-ties_3.0.jpg,,,,,,,,,,,
nan-pastel-solo-ties,Purple Nan Pastel Solo Ties,2,2,0,https://pub-5cd8c531c0034986bf6282a223bd0564.r2.dev/tie_clean_batch_01/nan_pastel-green-solo-ties_3.0.jpg,https://pub-5cd8c531c0034986bf6282a223bd0564.r2.dev/tie_clean_batch_01/nan_pastel-purple-solo-ties_3.0.jpg,,,,,,,,,,
nan-powder-solo-ties,Blue Nan Powder Solo Ties,1,1,0,https://pub-5cd8c531c0034986bf6282a223bd0564.r2.dev/tie_clean_batch_01/tie_clean_batch_02/nan_powder-blue-solo-ties_2.0.jpg,,,,,,,,,,,
nan-plum-bowtie-or-tie,Nan Plum Bowtie OR Tie,1,1,0,https://pub-5cd8c531c0034986bf6282a223bd0564.r2.dev/tie_clean_batch_01/nan_plum-bowtie-or-tie_3.0.jpg,,,,,,,,,,,
nan-powder-bowtie-or-tie,Blue Nan Powder Bowtie OR Tie,1,1,0,https://pub-5cd8c531c0034986bf6282a223bd0564.r2.dev/tie_clean_batch_01/nan_powder-blue-bowtie-or-tie_4.0.jpg,,,,,,,,,,,
nan-rust-solo-ties,Nan Rust Solo Ties,1,1,0,https://pub-5cd8c531c0034986bf6282a223bd0564.r2.dev/tie_clean_batch_01/tie_clean_batch_03/nan_rust-solo-ties_2.0.jpg,,,,,,,,,,,
nan-rust-bowtie-or-tie,Nan Rust Bowtie OR Tie,1,1,0,https://pub-5cd8c531c0034986bf6282a223bd0564.r2.dev/tie_clean_batch_01/tie_clean_batch_03/nan_rust-bowtie-or-tie_2.0.jpg,,,,,,,,,,,
nan-salmon-bowtie-or-tie,Orange Nan Salmon Bowtie OR Tie,1,1,0,https://pub-5cd8c531c0034986bf6282a223bd0564.r2.dev/tie_clean_batch_01/tie_clean_batch_03/nan_salmon-orange-bowtie-or-tie_2.0.jpg,,,,,,,,,,,
nan-salmon-solo-ties,Orange Nan Salmon Solo Ties,1,1,0,https://pub-5cd8c531c0034986bf6282a223bd0564.r2.dev/tie_clean_batch_01/tie_clean_batch_03/nan_salmon-orange-solo-ties_3.0.jpg,,,,,,,,,,,
nan-sapphire-solo-ties,Blue Nan Sapphire Solo Ties,1,1,0,https://pub-5cd8c531c0034986bf6282a223bd0564.r2.dev/tie_clean_batch_01/tie_clean_batch_03/nan_sapphire-blue-solo-ties_2.0.jpg,,,,,,,,,,,
nan-sapphire-bowtie-or-tie,Blue Nan Sapphire Bowtie OR Tie,1,1,0,https://pub-5cd8c531c0034986bf6282a223bd0564.r2.dev/tie_clean_batch_01/nan_sapphire-blue-bowtie-or-tie_2.0.jpg,,,,,,,,,,,
nan-skinny-tie,Lavender Nan Skinny Tie,6,6,0,https://pub-5cd8c531c0034986bf6282a223bd0564.r2.dev/tie_clean_batch_01/nan_black-skinny-tie_2.0.jpg,https://pub-5cd8c531c0034986bf6282a223bd0564.r2.dev/tie_clean_batch_01/nan_burgundy-skinny-tie_1.0.png,https://pub-5cd8c531c0034986bf6282a223bd0564.r2.dev/tie_clean_batch_01/nan_silver-skinny-tie_1.0.png,https://pub-5cd8c531c0034986bf6282a223bd0564.r2.dev/tie_clean_batch_01/nan_white-skinny-tie_1.0.png,https://pub-5cd8c531c0034986bf6282a223bd0564.r2.dev/tie_clean_batch_01/tie_clean_batch_03/nan_gold-skinny-tie_1.0.png,https://pub-5cd8c531c0034986bf6282a223bd0564.r2.dev/tie_clean_batch_01/tie_clean_batch_04/nan_lavender-skinny-tie_1.0.png,,,,,,
nan-solo-ties,White Nan Solo Ties,22,22,0,https://pub-5cd8c531c0034986bf6282a223bd0564.r2.dev/tie_clean_batch_01/nan_burgundy-solo-ties_1.0.jpg,https://pub-5cd8c531c0034986bf6282a223bd0564.r2.dev/tie_clean_batch_01/nan_champagne-solo-ties_2.0.jpg,https://pub-5cd8c531c0034986bf6282a223bd0564.r2.dev/tie_clean_batch_01/nan_cobalt-cobalt-solo-ties_3.0.jpg,https://pub-5cd8c531c0034986bf6282a223bd0564.r2.dev/tie_clean_batch_01/nan_gold-solo-ties_3.0.jpg,https://pub-5cd8c531c0034986bf6282a223bd0564.r2.dev/tie_clean_batch_01/nan_lavender-solo-ties_2.0.jpg,https://pub-5cd8c531c0034986bf6282a223bd0564.r2.dev/tie_clean_batch_01/nan_lilac-solo-ties_2.0.jpg,https://pub-5cd8c531c0034986bf6282a223bd0564.r2.dev/tie_clean_batch_01/nan_mint-solo-ties_2.0.jpg,https://pub-5cd8c531c0034986bf6282a223bd0564.r2.dev/tie_clean_batch_01/nan_navy-blue-solo-ties_2.0.jpg,https://pub-5cd8c531c0034986bf6282a223bd0564.r2.dev/tie_clean_batch_01/tie_clean_batch_02/nan_charcoal-solo-ties_1.0.jpg,https://pub-5cd8c531c0034986bf6282a223bd0564.r2.dev/tie_clean_batch_01/tie_clean_batch_02/nan_ivory-solo-ties_2.0.jpg,https://pub-5cd8c531c0034986bf6282a223bd0564.r2.dev/tie_clean_batch_01/tie_clean_batch_02/nan_olive-green-solo-ties_3.0.jpg,https://pub-5cd8c531c0034986bf6282a223bd0564.r2.dev/tie_clean_batch_01/tie_clean_batch_02/nan_peach-solo-ties_2.0.jpg
nan-taupe-bowtie-or-tie,Nan Taupe Bowtie OR Tie,1,1,0,https://pub-5cd8c531c0034986bf6282a223bd0564.r2.dev/tie_clean_batch_01/tie_clean_batch_03/nan_taupe-bowtie-or-tie_4.0.jpg,,,,,,,,,,,
nan-taupe-solo-ties,Nan Taupe Solo Ties,1,1,0,https://pub-5cd8c531c0034986bf6282a223bd0564.r2.dev/tie_clean_batch_01/tie_clean_batch_02/nan_taupe-solo-ties_3.0.jpg,,,,,,,,,,,
nan-true-bowtie-or-tie,Red Nan True Bowtie OR Tie,1,1,0,https://pub-5cd8c531c0034986bf6282a223bd0564.r2.dev/tie_clean_batch_01/tie_clean_batch_03/nan_true-red-bowtie-or-tie_1.0.jpg,,,,,,,,,,,
nan-tiffany-bowtie-or-tie,Blue Nan Tiffany Bowtie OR Tie,1,1,0,https://pub-5cd8c531c0034986bf6282a223bd0564.r2.dev/tie_clean_batch_01/nan_tiffany-blue-bowtie-or-tie_4.0.jpg,,,,,,,,,,,
nan-tiffany-solo-ties,Blue Nan Tiffany Solo Ties,1,1,0,https://pub-5cd8c531c0034986bf6282a223bd0564.r2.dev/tie_clean_batch_01/tie_clean_batch_03/nan_tiffany-blue-solo-ties_2.0.jpg,,,,,,,,,,,
nan-turquoise-solo-ties,Nan Turquoise Solo Ties,1,1,0,https://pub-5cd8c531c0034986bf6282a223bd0564.r2.dev/tie_clean_batch_01/tie_clean_batch_03/nan_turquoise-solo-ties_2.0.jpg,,,,,,,,,,,
nan-true-solo-ties,Red Nan True Solo Ties,1,1,0,https://pub-5cd8c531c0034986bf6282a223bd0564.r2.dev/tie_clean_batch_01/tie_clean_batch_03/nan_true-red-solo-ties_2.0.jpg,,,,,,,,,,,
nan-turquoise-bowtie-or-tie,Nan Turquoise Bowtie OR Tie,1,1,0,https://pub-5cd8c531c0034986bf6282a223bd0564.r2.dev/tie_clean_batch_01/nan_turquoise-bowtie-or-tie_3.0.jpg,,,,,,,,,,,
nan-velvet-jacket-bowtie,Brown Nan Velvet Jacket Bowtie,7,7,0,https://pub-5cd8c531c0034986bf6282a223bd0564.r2.dev/batch_1/batch_3/nan_royal-blue-velvet-jacket-bowtie_2.0.jpg,https://pub-5cd8c531c0034986bf6282a223bd0564.r2.dev/batch_1/nan_purple-velvet-jacket-bowtie_2.0.jpg,https://pub-5cd8c531c0034986bf6282a223bd0564.r2.dev/batch_1/nan_red-velvet-jacket-bowtie_2.0.jpg,https://pub-5cd8c531c0034986bf6282a223bd0564.r2.dev/tie_clean_batch_01/nan_purple-velvet-jacket-bowtie_2.0.jpg,https://pub-5cd8c531c0034986bf6282a223bd0564.r2.dev/tie_clean_batch_01/tie_clean_batch_02/nan_red-velvet-jacket-bowtie_2.0.jpg,https://pub-5cd8c531c0034986bf6282a223bd0564.r2.dev/tie_clean_batch_01/tie_clean_batch_03/nan_brown-velvet-jacket-bowtie_1.0.jpg,https://pub-5cd8c531c0034986bf6282a223bd0564.r2.dev/tie_clean_batch_01/tie_clean_batch_03/nan_royal-blue-velvet-jacket-bowtie_2.0.jpg,,,,,
nan-vis-vis-bow-tie,Nan Vis Vis Bow Tie,1,1,0,https://pub-5cd8c531c0034986bf6282a223bd0564.r2.dev/tie_clean_batch_01/nan_vis-vis-bow-tie_1.0.jpg,,,,,,,,,,,
tie-skinny-tie,Royal Blue Tie Skinny Tie,5,5,0,https://pub-5cd8c531c0034986bf6282a223bd0564.r2.dev/batch_1/batch_2/tie_pink-skinny-tie_1.0.png,https://pub-5cd8c531c0034986bf6282a223bd0564.r2.dev/batch_1/batch_4/tie_black-skinny-tie_1.0.png,https://pub-5cd8c531c0034986bf6282a223bd0564.r2.dev/tie_clean_batch_01/tie_clean_batch_02/tie_pink-skinny-tie_1.0.png,https://pub-5cd8c531c0034986bf6282a223bd0564.r2.dev/tie_clean_batch_01/tie_clean_batch_02/tie_royal-blue-skinny-tie_1.0.png,https://pub-5cd8c531c0034986bf6282a223bd0564.r2.dev/tie_clean_batch_01/tie_clean_batch_03/tie_black-skinny-tie_1.0.png,,,,,,,