product_id,sku,name,category,description,handle,status,base_price,price_usd,primary_image,total_variants,stripe_status,created_at,updated_date,gallery_urls,gallery_count,image_status,meta_title,meta_description,search_keywords,tags,gallery_all_images,all_images,name_key_norm,created_at_dt
d95d8861-2c27-4c5e-82c0-0e7ac9486323,VST-0025,Aqua Vest & Tie Set,Vest & Tie Sets,"Premium vest and tie set - Perfect for weddings, proms, and formal events",aqua-vest-and-tie-set,active,6500,$65.00,https://pub-8ea0502158a94b8ca8a7abb9e18a57e8.r2.dev/tie_clean_batch_01/tie_clean_batch_03/vest-and-tie_aqua-vest-and-tie-set_1.0.jpg,10,Ready,2025-08-13T00:00:00.000Z,2025-08-13,https://pub-8ea0502158a94b8ca8a7abb9e18a57e8.r2.dev/tie_clean_batch_01/tie_clean_batch_03/vest-and-tie_aqua-vest-and-tie-set_1.0.jpg,1,Gallery (Populated),Aqua Vest And Tie Set | KCT Menswear,Shop aqua vest and tie set from KCT Menswear. Fast shipping. Quality tailoring.,"aqua vest and tie set, vest & tie sets, kct menswear, mens suits, wedding suits","vest-tie-set, premium, summer, bundle",https://pub-8ea0502158a94b8ca8a7abb9e18a57e8.r2.dev/tie_clean_batch_01/tie_clean_batch_03/vest-and-tie_aqua-vest-and-tie-set_1.0.jpg,https://pub-8ea0502158a94b8ca8a7abb9e18a57e8.r2.dev/tie_clean_batch_01/tie_clean_batch_03/vest-and-tie_aqua-vest-and-tie-set_1.0.jpg,aqua vest and tie set,2025-08-13 00:00:00+00:00
0968e54c-51bd-4d26-afb9-97ccb60bfa51,VST-0027,Baby Blue Vest Tie Set,Vest & Tie Sets,"Premium vest and tie set - Perfect for weddings, proms, and formal events",baby-blue-vest-tie-set,active,6500,$65.00,https://pub-8ea0502158a94b8ca8a7abb9e18a57e8.r2.dev/tie_clean_batch_01/tie_clean_batch_02/vest-tie_baby-blue-vest-and-tie-set_1.0.jpg,10,Ready,2025-08-13T00:00:00.000Z,2025-08-13,https://pub-8ea0502158a94b8ca8a7abb9e18a57e8.r2.dev/tie_clean_batch_01/tie_clean_batch_02/vest-tie_baby-blue-vest-and-tie-set_1.0.jpg,1,Gallery (Populated),Baby Blue Vest Tie Set | KCT Menswear,Shop baby blue vest tie set from KCT Menswear. Fast shipping. Quality tailoring.,"baby blue vest tie set, vest & tie sets, kct menswear, mens suits, wedding suits","blue, vest-tie-set, premium, summer, bundle",https://pub-8ea0502158a94b8ca8a7abb9e18a57e8.r2.dev/tie_clean_batch_01/tie_clean_batch_02/vest-tie_baby-blue-vest-and-tie-set_1.0.jpg,https://pub-8ea0502158a94b8ca8a7abb9e18a57e8.r2.dev/tie_clean_batch_01/tie_clean_batch_02/vest-tie_baby-blue-vest-and-tie-set_1.0.jpg,baby blue vest tie set,2025-08-13 00:00:00+00:00
7bc81f25-1a81-4e8a-848b-968c2c5ce7d7,VST-0032,Beige Vest Tie Set,Vest & Tie Sets,"Premium vest and tie set - Perfect for weddings, proms, and formal events",beige-vest-tie-set,active,6500,$65.00,https://pub-8ea0502158a94b8ca8a7abb9e18a57e8.r2.dev/tie_clean_batch_01/vest-tie_beige-vest-and-tie-set_1.0.jpg,10,Ready,2025-08-13T00:00:00.000Z,2025-08-13,https://pub-8ea0502158a94b8ca8a7abb9e18a57e8.r2.dev/tie_clean_batch_01/vest-tie_beige-vest-and-tie-set_1.0.jpg,1,Gallery (Populated),Beige Vest Tie Set | KCT Menswear,Shop beige vest tie set from KCT Menswear. Fast shipping. Quality tailoring.,"beige vest tie set, vest & tie sets, kct menswear, mens suits, wedding suits","vest-tie-set, premium, summer, bundle",https://pub-8ea0502158a94b8ca8a7abb9e18a57e8.r2.dev/tie_clean_batch_01/vest-tie_beige-vest-and-tie-set_1.0.jpg,https://pub-8ea0502158a94b8ca8a7abb9e18a57e8.r2.dev/tie_clean_batch_01/vest-tie_beige-vest-and-tie-set_1.0.jpg,beige vest tie set,2025-08-13 00:00:00+00:00
754192d7-e19e-475b-9b64-0463d31c4cad,TUX-019,Black & White Classic Tuxedo,Tuxedos,Premium Classic tuxedo - Luxury formal wear for special occasions,black-and-white-classic-tuxedo,active,31500,$315.00,https://pub-8ea0502158a94b8ca8a7abb9e18a57e8.r2.dev/batch_1/batch_2/nan_black-and-white-tuxedo_2.0.jpg,21,Ready,2025-08-13T00:00:00.000Z,2025-08-13,https://pub-8ea0502158a94b8ca8a7abb9e18a57e8.r2.dev/batch_1/batch_2/nan_black-and-white-tuxedo_2.0.jpg,1,Gallery (Populated),Black And White Classic Tuxedo | KCT Menswear,Shop black and white classic tuxedo from KCT Menswear. Fast shipping. Quality tailoring.,"black and white classic tuxedo, tuxedos, kct menswear, mens suits, wedding suits","black, white, tuxedo, formal, business, premium, summer",https://pub-8ea0502158a94b8ca8a7abb9e18a57e8.r2.dev/batch_1/batch_2/nan_black-and-white-tuxedo_2.0.jpg,https://pub-8ea0502158a94b8ca8a7abb9e18a57e8.r2.dev/batch_1/batch_2/nan_black-and-white-tuxedo_2.0.jpg,black and white classic tuxedo,2025-08-13 00:00:00+00:00
7affb342-0e29-49b4-b82f-e908e6b60e47,SHOE-001,Black Chelsea Boots,Shoes,Premium dress shoes for formal events,black-chelsea-boots,active,16500,$165.00,https://pub-8ea0502158a94b8ca8a7abb9e18a57e8.r2.dev/batch_1/boots_black-chelsea-boots_1.0.jpg,11,Ready,2025-08-12T00:00:00.000Z,2025-08-13,https://pub-8ea0502158a94b8ca8a7abb9e18a57e8.r2.dev/batch_1/boots_black-chelsea-boots_1.0.jpg,1,Gallery (Populated),Black Chelsea Boots | KCT Menswear,Shop black chelsea boots from KCT Menswear. Fast shipping. Quality tailoring.,"black chelsea boots, shoes, kct menswear, mens suits, wedding suits","black, premium, summer",https://pub-8ea0502158a94b8ca8a7abb9e18a57e8.r2.dev/batch_1/boots_black-chelsea-boots_1.0.jpg,https://pub-8ea0502158a94b8ca8a7abb9e18a57e8.r2.dev/batch_1/boots_black-chelsea-boots_1.0.jpg,black chelsea boots,2025-08-12 00:00:00+00:00
ccdf7fe2-c0f9-4d4c-ad86-256a2c251ed6,TUX-017,Black Double Breasted Prom Tuxedo Satin Lapel,Tuxedos,Premium Prom tuxedo - Luxury formal wear for special occasions,black-double-breasted-prom-tuxedo-satin-lapel,active,32500,$325.00,https://pub-8ea0502158a94b8ca8a7abb9e18a57e8.r2.dev/batch_1/batch_2/nan_black-double-breasted-prom-tuxedo-satin-lapel_2.0.jpg,21,Ready,2025-08-13T00:00:00.000Z,2025-08-13,https://pub-8ea0502158a94b8ca8a7abb9e18a57e8.r2.dev/batch_1/batch_2/nan_black-double-breasted-prom-tuxedo-satin-lapel_2.0.jpg,1,Gallery (Populated),Black Double Breasted Prom Tuxedo Satin Lapel | KCT Menswear,Shop black double breasted prom tuxedo satin lapel from KCT Menswear. Fast shipping. Quality tailoring.,"black double breasted prom tuxedo satin lapel, tuxedos, kct menswear, mens suits, wedding suits","black, tuxedo, prom, formal, business, satin, premium, summer",https://pub-8ea0502158a94b8ca8a7abb9e18a57e8.r2.dev/batch_1/batch_2/nan_black-double-breasted-prom-tuxedo-satin-lapel_2.0.jpg,https://pub-8ea0502158a94b8ca8a7abb9e18a57e8.r2.dev/batch_1/batch_2/nan_black-double-breasted-prom-tuxedo-satin-lapel_2.0.jpg,black double breasted prom tuxedo satin lapel,2025-08-13 00:00:00+00:00
42b78bd2-a60d-47d4-9a9b-6bc2db312544,TUX-006,Black Double Breasted Tuxedo With Satin Peak Lapel,Tuxedos,"Premium slim fit tuxedo with satin Peak lapel - Perfect for weddings, proms, and black-tie events",black-double-breasted-tuxedo-with-satin-peak-lapel,active,36500,$365.00,https://pub-8ea0502158a94b8ca8a7abb9e18a57e8.r2.dev/batch_1/batch_4/mens-tuxedos_mens-slim-fit-black-double-breasted-tuxedo-with-satin-peak-lapel_1.0.jpg,21,Ready,2025-08-13T00:00:00.000Z,2025-08-13,https://pub-8ea0502158a94b8ca8a7abb9e18a57e8.r2.dev/batch_1/batch_4/mens-tuxedos_mens-slim-fit-black-double-breasted-tuxedo-with-satin-peak-lapel_1.0.jpg,1,Gallery (Populated),Black Double Breasted Tuxedo With Satin Peak Lapel | KCT Menswear,Shop black double breasted tuxedo with satin peak lapel from KCT Menswear. Fast shipping. Quality tailoring.,"black double breasted tuxedo with satin peak lapel, tuxedos, kct menswear, mens suits, wedding suits","black, tuxedo, formal, business, satin, premium, summer",https://pub-8ea0502158a94b8ca8a7abb9e18a57e8.r2.dev/batch_1/batch_4/mens-tuxedos_mens-slim-fit-black-double-breasted-tuxedo-with-satin-peak-lapel_1.0.jpg,https://pub-8ea0502158a94b8ca8a7abb9e18a57e8.r2.dev/batch_1/batch_4/mens-tuxedos_mens-slim-fit-black-double-breasted-tuxedo-with-satin-peak-lapel_1.0.jpg,black double breasted tuxedo with satin peak lapel,2025-08-13 00:00:00+00:00
e0dc72ea-cf03-44f0-8bbe-2da538123957,KID-SUIT-002,Black Kids Suit,Kids Formal Wear,Premium kids suit for special occasions and formal events,black-kids-suit,active,12500,$125.00,https://pub-8ea0502158a94b8ca8a7abb9e18a57e8.r2.dev/batch_1/batch_4/kid-suit_black-kids-suit_1.0.jpg,11,Ready,2025-08-13T00:00:00.000Z,2025-08-13,https://pub-8ea0502158a94b8ca8a7abb9e18a57e8.r2.dev/batch_1/batch_4/kid-suit_black-kids-suit_1.0.jpg,1,Gallery (Populated),Black Kids Suit | KCT Menswear,Shop black kids suit from KCT Menswear. Fast shipping. Quality tailoring.,"black kids suit, kids formal wear, kct menswear, mens suits, wedding suits","black, formal, premium, summer",https://pub-8ea0502158a94b8ca8a7abb9e18a57e8.r2.dev/batch_1/batch_4/kid-suit_black-kids-suit_1.0.jpg,https://pub-8ea0502158a94b8ca8a7abb9e18a57e8.r2.dev/batch_1/batch_4/kid-suit_black-kids-suit_1.0.jpg,black kids suit,2025-08-13 00:00:00+00:00
709a11ab-de0f-4fe8-a6ee-903892a5372b,TUX-016,Black Paisley Three Piece Tuxedo With Velvet Lapel,Tuxedos,"Premium slim fit tuxedo with satin Velvet lapel - Perfect for weddings, proms, and black-tie events",black-paisley-three-piece-tuxedo-with-velvet-lapel,active,45500,$455.00,https://pub-8ea0502158a94b8ca8a7abb9e18a57e8.r2.dev/batch_1/nan_elegant-black-paisley-three-piece-tuxedo-with-velvet-lapel-a-modern-classic-for-2024-prom-and-wedding-seasons_2.0.webp,21,Ready,2025-08-13T00:00:00.000Z,2025-08-13,https://pub-8ea0502158a94b8ca8a7abb9e18a57e8.r2.dev/batch_1/nan_elegant-black-paisley-three-piece-tuxedo-with-velvet-lapel-a-modern-classic-for-2024-prom-and-wedding-seasons_2.0.webp,1,Gallery (Populated),Black Paisley Three Piece Tuxedo With Velvet Lapel | KCT Menswear,Shop black paisley three piece tuxedo with velvet lapel from KCT Menswear. Fast shipping. Quality tailoring.,"black paisley three piece tuxedo with velvet lapel, tuxedos, kct menswear, mens suits, wedding suits","black, tuxedo, formal, business, velvet, satin, premium, summer",https://pub-8ea0502158a94b8ca8a7abb9e18a57e8.r2.dev/batch_1/nan_elegant-black-paisley-three-piece-tuxedo-with-velvet-lapel-a-modern-classic-for-2024-prom-and-wedding-seasons_2.0.webp,https://pub-8ea0502158a94b8ca8a7abb9e18a57e8.r2.dev/batch_1/nan_elegant-black-paisley-three-piece-tuxedo-with-velvet-lapel-a-modern-classic-for-2024-prom-and-wedding-seasons_2.0.webp,black paisley three piece tuxedo with velvet lapel,2025-08-13 00:00:00+00:00
0386398a-2aeb-4a3e-a98d-fa06dc7949a1,SVB-BLACK-B,Black Sparkle Vest & Bowtie Set,Accessories,"Dazzling black sparkle vest, bowtie, and hanky set that commands attention at any formal event. This premium glitter ensemble features shimmering sequins and luxurious materials, perfect for proms, ga",black-sparkle-vest-bowtie-set,active,5999,$59.99,https://pub-8ea0502158a94b8ca8a7abb9e18a57e8.r2.dev/main-suspender-bowtie-set/black-model.png,5,Ready,2025-08-04T00:00:00.000Z,2025-08-13,https://pub-8ea0502158a94b8ca8a7abb9e18a57e8.r2.dev/main-suspender-bowtie-set/black-model.png,1,Gallery (Populated),Black Sparkle Vest & Bowtie Set | KCT Menswear,Shop black sparkle vest & bowtie set from KCT Menswear. Fast shipping. Quality tailoring.,"black sparkle vest & bowtie set, accessories, kct menswear, mens suits, wedding suits","black, premium, summer, bundle",https://pub-8ea0502158a94b8ca8a7abb9e18a57e8.r2.dev/main-suspender-bowtie-set/black-model.png,https://pub-8ea0502158a94b8ca8a7abb9e18a57e8.r2.dev/main-suspender-bowtie-set/black-model.png,black sparkle vest and bowtie set,2025-08-04 00:00:00+00:00
0d3f01af-a94d-4517-848f-65413ba65a53,SB-BLACK-SET,Black Suspender & Bowtie Set,Accessories,"Classic black suspender and bowtie combination perfect for formal events, vintage-themed occasions, and stylish gatherings. Features adjustable elastic suspenders with durable clips and a matching pre",black-suspender-bowtie-set,active,4999,$49.99,https://pub-8ea0502158a94b8ca8a7abb9e18a57e8.r2.dev/main-suspender-bowtie-set/black-model.png,6,Ready,2025-08-04T00:00:00.000Z,2025-08-13,https://pub-8ea0502158a94b8ca8a7abb9e18a57e8.r2.dev/main-suspender-bowtie-set/black-model.png,1,Gallery (Populated),Black Suspender & Bowtie Set | KCT Menswear,Shop black suspender & bowtie set from KCT Menswear. Fast shipping. Quality tailoring.,"black suspender & bowtie set, accessories, kct menswear, mens suits, wedding suits","black, summer, bundle",https://pub-8ea0502158a94b8ca8a7abb9e18a57e8.r2.dev/main-suspender-bowtie-set/black-model.png,https://pub-8ea0502158a94b8ca8a7abb9e18a57e8.r2.dev/main-suspender-bowtie-set/black-model.png,black suspender and bowtie set,2025-08-04 00:00:00+00:00
7583d28a-d0d6-4342-b085-cab904a71556,ACC-001,Black Suspender Bow Tie Set,Accessories,Premium accessories for formal occasions,black-suspender-bow-tie-set,active,0,$,https://pub-8ea0502158a94b8ca8a7abb9e18a57e8.r2.dev/main-suspender-bowtie-set/black-model.png,0,Missing,2025-08-12T00:00:00.000Z,2025-08-13,https://pub-8ea0502158a94b8ca8a7abb9e18a57e8.r2.dev/main-suspender-bowtie-set/black-model.png,1,Gallery (Populated),Black Suspender Bow Tie Set | KCT Menswear,Shop black suspender bow tie set from KCT Menswear. Fast shipping. Quality tailoring.,"black suspender bow tie set, accessories, kct menswear, mens suits, wedding suits","black, premium, summer, bundle",https://pub-8ea0502158a94b8ca8a7abb9e18a57e8.r2.dev/main-suspender-bowtie-set/black-model.png,https://pub-8ea0502158a94b8ca8a7abb9e18a57e8.r2.dev/main-suspender-bowtie-set/black-model.png,black suspender bow tie set,2025-08-12 00:00:00+00:00
ff260f9f-ee70-417c-a368-b809b159f2ac,TUX-004,Black Three Piece Tuxedo With Satin Shawl Lapel,Tuxedos,"Premium slim fit tuxedo with satin Shawl lapel - Perfect for weddings, proms, and black-tie events",black-three-piece-tuxedo-with-satin-shawl-lapel,active,38500,$385.00,https://pub-8ea0502158a94b8ca8a7abb9e18a57e8.r2.dev/batch_1/batch_3/mens-tuxedos_mens-classic-black-three-piece-tuxedo-with-satin-shawl-lapel_1.0.png,21,Ready,2025-08-13T00:00:00.000Z,2025-08-13,https://pub-8ea0502158a94b8ca8a7abb9e18a57e8.r2.dev/batch_1/batch_3/mens-tuxedos_mens-classic-black-three-piece-tuxedo-with-satin-shawl-lapel_1.0.png,1,Gallery (Populated),Black Three Piece Tuxedo With Satin Shawl Lapel | KCT Menswear,Shop black three piece tuxedo with satin shawl lapel from KCT Menswear. Fast shipping. Quality tailoring.,"black three piece tuxedo with satin shawl lapel, tuxedos, kct menswear, mens suits, wedding suits","black, tuxedo, formal, business, satin, premium, summer",https://pub-8ea0502158a94b8ca8a7abb9e18a57e8.r2.dev/batch_1/batch_3/mens-tuxedos_mens-classic-black-three-piece-tuxedo-with-satin-shawl-lapel_1.0.png,https://pub-8ea0502158a94b8ca8a7abb9e18a57e8.r2.dev/batch_1/batch_3/mens-tuxedos_mens-classic-black-three-piece-tuxedo-with-satin-shawl-lapel_1.0.png,black three piece tuxedo with satin shawl lapel,2025-08-13 00:00:00+00:00
d6a2d07c-823b-4fd0-90e5-dd7670b8e754,VEST-003,Blue Carolina Vest & Tie Set,Vest & Tie Sets,Premium vest and tie set for formal occasions,blue-carolina-vest-and-tie-set,active,6500,$65.00,https://pub-8ea0502158a94b8ca8a7abb9e18a57e8.r2.dev/tie_clean_batch_01/tie_clean_batch_03/nan_carolina-blue-vest-and-tie-set_1.0.jpg,8,Ready,2025-08-12T00:00:00.000Z,2025-08-13,https://pub-8ea0502158a94b8ca8a7abb9e18a57e8.r2.dev/tie_clean_batch_01/tie_clean_batch_03/nan_carolina-blue-vest-and-tie-set_1.0.jpg,1,Gallery (Populated),Blue Carolina Vest And Tie Set | KCT Menswear,Shop blue carolina vest and tie set from KCT Menswear. Fast shipping. Quality tailoring.,"blue carolina vest and tie set, vest & tie sets, kct menswear, mens suits, wedding suits","blue, vest-tie-set, premium, summer, bundle",https://pub-8ea0502158a94b8ca8a7abb9e18a57e8.r2.dev/tie_clean_batch_01/tie_clean_batch_03/nan_carolina-blue-vest-and-tie-set_1.0.jpg,https://pub-8ea0502158a94b8ca8a7abb9e18a57e8.r2.dev/tie_clean_batch_01/tie_clean_batch_03/nan_carolina-blue-vest-and-tie-set_1.0.jpg,blue carolina vest and tie set,2025-08-12 00:00:00+00:00
fa2f80cb-d095-44fd-8777-422c37cb5327,VST-0009,Blue French Vest & Tie Set,Vest & Tie Sets,"Premium vest and tie set - Perfect for weddings, proms, and formal events",blue-french-vest-and-tie-set,active,6500,$65.00,https://pub-8ea0502158a94b8ca8a7abb9e18a57e8.r2.dev/tie_clean_batch_01/tie_clean_batch_03/nan_french-blue-vest-and-tie-set_1.0.jpg,10,Ready,2025-08-13T00:00:00.000Z,2025-08-13,https://pub-8ea0502158a94b8ca8a7abb9e18a57e8.r2.dev/tie_clean_batch_01/tie_clean_batch_03/nan_french-blue-vest-and-tie-set_1.0.jpg,1,Gallery (Populated),Blue French Vest And Tie Set | KCT Menswear,Shop blue french vest and tie set from KCT Menswear. Fast shipping. Quality tailoring.,"blue french vest and tie set, vest & tie sets, kct menswear, mens suits, wedding suits","blue, vest-tie-set, premium, summer, bundle",https://pub-8ea0502158a94b8ca8a7abb9e18a57e8.r2.dev/tie_clean_batch_01/tie_clean_batch_03/nan_french-blue-vest-and-tie-set_1.0.jpg,https://pub-8ea0502158a94b8ca8a7abb9e18a57e8.r2.dev/tie_clean_batch_01/tie_clean_batch_03/nan_french-blue-vest-and-tie-set_1.0.jpg,blue french vest and tie set,2025-08-13 00:00:00+00:00
554be880-23ea-4deb-a3a2-74a506dcfc1b,SUS-0002,Blue Light Suspender Bow Tie Set,Accessories,Premium suspender and bow tie set for formal occasions,blue-light-suspender-bow-tie-set,active,0,$,https://pub-8ea0502158a94b8ca8a7abb9e18a57e8.r2.dev/tie_clean_batch_01/tie_clean_batch_04/nan_light-blue-suspender-bow-tie-set_1.0.jpg,0,Missing,2025-08-13T00:00:00.000Z,2025-08-13,https://pub-8ea0502158a94b8ca8a7abb9e18a57e8.r2.dev/tie_clean_batch_01/tie_clean_batch_04/nan_light-blue-suspender-bow-tie-set_1.0.jpg,1,Gallery (Populated),Blue Light Suspender Bow Tie Set | KCT Menswear,Shop blue light suspender bow tie set from KCT Menswear. Fast shipping. Quality tailoring.,"blue light suspender bow tie set, accessories, kct menswear, mens suits, wedding suits","blue, premium, summer, bundle",https://pub-8ea0502158a94b8ca8a7abb9e18a57e8.r2.dev/tie_clean_batch_01/tie_clean_batch_04/nan_light-blue-suspender-bow-tie-set_1.0.jpg,https://pub-8ea0502158a94b8ca8a7abb9e18a57e8.r2.dev/tie_clean_batch_01/tie_clean_batch_04/nan_light-blue-suspender-bow-tie-set_1.0.jpg,blue light suspender bow tie set,2025-08-13 00:00:00+00:00
19c42efe-b968-4cc5-901c-c9f9993e0467,VST-0019,Blue Powder Vest & Tie Set,Vest & Tie Sets,"Premium vest and tie set - Perfect for weddings, proms, and formal events",blue-powder-vest-and-tie-set,active,6500,$65.00,https://pub-8ea0502158a94b8ca8a7abb9e18a57e8.r2.dev/tie_clean_batch_01/tie_clean_batch_04/nan_powder-blue-vest-and-tie-set_1.0.jpg,10,Ready,2025-08-13T00:00:00.000Z,2025-08-13,https://pub-8ea0502158a94b8ca8a7abb9e18a57e8.r2.dev/tie_clean_batch_01/tie_clean_batch_04/nan_powder-blue-vest-and-tie-set_1.0.jpg,1,Gallery (Populated),Blue Powder Vest And Tie Set | KCT Menswear,Shop blue powder vest and tie set from KCT Menswear. Fast shipping. Quality tailoring.,"blue powder vest and tie set, vest & tie sets, kct menswear, mens suits, wedding suits","blue, vest-tie-set, premium, summer, bundle",https://pub-8ea0502158a94b8ca8a7abb9e18a57e8.r2.dev/tie_clean_batch_01/tie_clean_batch_04/nan_powder-blue-vest-and-tie-set_1.0.jpg,https://pub-8ea0502158a94b8ca8a7abb9e18a57e8.r2.dev/tie_clean_batch_01/tie_clean_batch_04/nan_powder-blue-vest-and-tie-set_1.0.jpg,blue powder vest and tie set,2025-08-13 00:00:00+00:00
6b0fd02c-c921-41f1-8ae1-f37ba31faba9,VT-BLUSH-SET,Blush Vest & Tie Set,Vest & Tie Sets,"Complete blush vest and tie ensemble perfect for formal events, proms, and weddings. This sophisticated set includes a perfectly fitted vest and matching necktie crafted from premium materials for a p",blush-vest-tie-set,active,4999,$49.99,https://pub-8ea0502158a94b8ca8a7abb9e18a57e8.r2.dev/main-solid-vest-tie/blush-model.png,10,Ready,2025-08-04T00:00:00.000Z,2025-08-13,https://pub-8ea0502158a94b8ca8a7abb9e18a57e8.r2.dev/main-solid-vest-tie/blush-model.png,1,Gallery (Populated),Blush Vest & Tie Set | KCT Menswear,Shop blush vest & tie set from KCT Menswear. Fast shipping. Quality tailoring.,"blush vest & tie set, vest & tie sets, kct menswear, mens suits, wedding suits","vest-tie-set, premium, summer, bundle",https://pub-8ea0502158a94b8ca8a7abb9e18a57e8.r2.dev/main-solid-vest-tie/blush-model.png,https://pub-8ea0502158a94b8ca8a7abb9e18a57e8.r2.dev/main-solid-vest-tie/blush-model.png,blush vest and tie set,2025-08-04 00:00:00+00:00
76900ac8-247d-4054-8dca-c985cf537b73,SHOE-002,Brown Chelsea Boots,Shoes,Premium dress shoes for formal events,brown-chelsea-boots,active,16500,$165.00,https://pub-8ea0502158a94b8ca8a7abb9e18a57e8.r2.dev/batch_1/boots_brown-chelsea-boots_1.0.jpg,11,Ready,2025-08-12T00:00:00.000Z,2025-08-13,https://pub-8ea0502158a94b8ca8a7abb9e18a57e8.r2.dev/batch_1/boots_brown-chelsea-boots_1.0.jpg,1,Gallery (Populated),Brown Chelsea Boots | KCT Menswear,Shop brown chelsea boots from KCT Menswear. Fast shipping. Quality tailoring.,"brown chelsea boots, shoes, kct menswear, mens suits, wedding suits","brown, premium, summer",https://pub-8ea0502158a94b8ca8a7abb9e18a57e8.r2.dev/batch_1/boots_brown-chelsea-boots_1.0.jpg,https://pub-8ea0502158a94b8ca8a7abb9e18a57e8.r2.dev/batch_1/boots_brown-chelsea-boots_1.0.jpg,brown chelsea boots,2025-08-12 00:00:00+00:00
4a5392f3-7cbb-464d-8ac8-c54561842fec,VST-0003,Brown Chocolate Vest & Tie Set,Vest & Tie Sets,"Premium vest and tie set - Perfect for weddings, proms, and formal events",brown-chocolate-vest-and-tie-set,active,6500,$65.00,https://pub-8ea0502158a94b8ca8a7abb9e18a57e8.r2.dev/tie_clean_batch_01/nan_chocolate-brown-vest-and-tie-set_1.0.jpg,10,Ready,2025-08-13T00:00:00.000Z,2025-08-13,https://pub-8ea0502158a94b8ca8a7abb9e18a57e8.r2.dev/tie_clean_batch_01/nan_chocolate-brown-vest-and-tie-set_1.0.jpg,1,Gallery (Populated),Brown Chocolate Vest And Tie Set | KCT Menswear,Shop brown chocolate vest and tie set from KCT Menswear. Fast shipping. Quality tailoring.,"brown chocolate vest and tie set, vest & tie sets, kct menswear, mens suits, wedding suits","brown, vest-tie-set, premium, summer, bundle",https://pub-8ea0502158a94b8ca8a7abb9e18a57e8.r2.dev/tie_clean_batch_01/nan_chocolate-brown-vest-and-tie-set_1.0.jpg,https://pub-8ea0502158a94b8ca8a7abb9e18a57e8.r2.dev/tie_clean_batch_01/nan_chocolate-brown-vest-and-tie-set_1.0.jpg,brown chocolate vest and tie set,2025-08-13 00:00:00+00:00
6f7dda20-bf92-4b80-bab6-920139091c5e,SUIT-DB-001,Brown Classic Check Double Breasted Suit,Men's Suits,Premium double breasted suit for formal and business occasions,brown-classic-check-double-breasted-suit,active,26500,$265.00,https://pub-8ea0502158a94b8ca8a7abb9e18a57e8.r2.dev/double_breasted/mens_double_breasted_suit_2021_0.webp,21,Ready,2025-08-13T00:00:00.000Z,2025-08-13,https://pub-8ea0502158a94b8ca8a7abb9e18a57e8.r2.dev/double_breasted/mens_double_breasted_suit_2021_0.webp;https://pub-8ea0502158a94b8ca8a7abb9e18a57e8.r2.dev/double_breasted/mens_double_breasted_suit_2021_1.webp;https://pub-8ea0502158a94b8ca8a7abb9e18a57e8.r2.dev/double_breasted/mens_double_breasted_suit_2021_2.webp,3,Gallery (Populated),Brown Classic Check Double Breasted Suit | KCT Menswear,Shop brown classic check double breasted suit from KCT Menswear. Fast shipping. Quality tailoring.,"brown classic check double breasted suit, men's suits, kct menswear, mens suits, wedding suits","brown, suit, formal, business, premium, summer",https://pub-8ea0502158a94b8ca8a7abb9e18a57e8.r2.dev/double_breasted/mens_double_breasted_suit_2021_0.webp;https://pub-8ea0502158a94b8ca8a7abb9e18a57e8.r2.dev/double_breasted/mens_double_breasted_suit_2021_1.webp;https://pub-8ea0502158a94b8ca8a7abb9e18a57e8.r2.dev/double_breasted/mens_double_breasted_suit_2021_2.webp,https://pub-8ea0502158a94b8ca8a7abb9e18a57e8.r2.dev/double_breasted/mens_double_breasted_suit_2021_0.webp;https://pub-8ea0502158a94b8ca8a7abb9e18a57e8.r2.dev/double_breasted/mens_double_breasted_suit_2021_1.webp;https://pub-8ea0502158a94b8ca8a7abb9e18a57e8.r2.dev/double_breasted/mens_double_breasted_suit_2021_2.webp,brown classic check double breasted suit,2025-08-13 00:00:00+00:00
4d1990e7-9413-4f85-9730-18a02fc5d49d,VST-0031,Brown Vest Tie Set,Vest & Tie Sets,"Premium vest and tie set - Perfect for weddings, proms, and formal events",brown-medium-vest-tie-set,active,6500,$65.00,https://pub-8ea0502158a94b8ca8a7abb9e18a57e8.r2.dev/tie_clean_batch_01/tie_clean_batch_03/vest-tie_medium-brown-vest-and-tie-set_1.0.jpg,10,Ready,2025-08-13T00:00:00.000Z,2025-08-13,https://pub-8ea0502158a94b8ca8a7abb9e18a57e8.r2.dev/tie_clean_batch_01/tie_clean_batch_03/vest-tie_medium-brown-vest-and-tie-set_1.0.jpg,1,Gallery (Populated),Brown Medium Vest Tie Set | KCT Menswear,Shop brown medium vest tie set from KCT Menswear. Fast shipping. Quality tailoring.,"brown medium vest tie set, vest & tie sets, kct menswear, mens suits, wedding suits","brown, vest-tie-set, premium, summer, bundle",https://pub-8ea0502158a94b8ca8a7abb9e18a57e8.r2.dev/tie_clean_batch_01/tie_clean_batch_03/vest-tie_medium-brown-vest-and-tie-set_1.0.jpg,https://pub-8ea0502158a94b8ca8a7abb9e18a57e8.r2.dev/tie_clean_batch_01/tie_clean_batch_03/vest-tie_medium-brown-vest-and-tie-set_1.0.jpg,brown vest tie set,2025-08-13 00:00:00+00:00
ad8448a1-f934-4e22-905b-fa9dedef6b28,TUX-012,Burgundy Tuxedo Jacket With Black Satin Lapel,Tuxedos,"Premium slim fit tuxedo with satin Standard lapel - Perfect for weddings, proms, and black-tie events",burgundy-tuxedo-jacket-with-black-satin-lapel,active,28500,$285.00,https://pub-8ea0502158a94b8ca8a7abb9e18a57e8.r2.dev/batch_1/batch_4/mens-tuxedos_mens-slim-fit-burgundy-tuxedo-jacket-with-black-satin-lapel_1.0.jpg,21,Ready,2025-08-13T00:00:00.000Z,2025-08-13,https://pub-8ea0502158a94b8ca8a7abb9e18a57e8.r2.dev/batch_1/batch_4/mens-tuxedos_mens-slim-fit-burgundy-tuxedo-jacket-with-black-satin-lapel_1.0.jpg,1,Gallery (Populated),Burgundy Tuxedo Jacket With Black Satin Lapel | KCT Menswear,Shop burgundy tuxedo jacket with black satin lapel from KCT Menswear. Fast shipping. Quality tailoring.,"burgundy tuxedo jacket with black satin lapel, tuxedos, kct menswear, mens suits, wedding suits","black, burgundy, tuxedo, formal, business, satin, premium, summer",https://pub-8ea0502158a94b8ca8a7abb9e18a57e8.r2.dev/batch_1/batch_4/mens-tuxedos_mens-slim-fit-burgundy-tuxedo-jacket-with-black-satin-lapel_1.0.jpg,https://pub-8ea0502158a94b8ca8a7abb9e18a57e8.r2.dev/batch_1/batch_4/mens-tuxedos_mens-slim-fit-burgundy-tuxedo-jacket-with-black-satin-lapel_1.0.jpg,burgundy tuxedo jacket with black satin lapel,2025-08-13 00:00:00+00:00
573fc30f-092f-401f-9f99-6d8425c3f797,VST-0024,Burgundy Wine Vest & Tie Set,Vest & Tie Sets,"Premium vest and tie set - Perfect for weddings, proms, and formal events",burgundy-wine-vest-and-tie-set,active,6500,$65.00,https://pub-8ea0502158a94b8ca8a7abb9e18a57e8.r2.dev/main-solid-vest-tie/wine-model.png,10,Ready,2025-08-13T00:00:00.000Z,2025-08-13,https://pub-8ea0502158a94b8ca8a7abb9e18a57e8.r2.dev/main-solid-vest-tie/wine-model.png,1,Gallery (Populated),Burgundy Wine Vest And Tie Set | KCT Menswear,Shop burgundy wine vest and tie set from KCT Menswear. Fast shipping. Quality tailoring.,"burgundy wine vest and tie set, vest & tie sets, kct menswear, mens suits, wedding suits","burgundy, vest-tie-set, premium, summer, bundle",https://pub-8ea0502158a94b8ca8a7abb9e18a57e8.r2.dev/main-solid-vest-tie/wine-model.png,https://pub-8ea0502158a94b8ca8a7abb9e18a57e8.r2.dev/main-solid-vest-tie/wine-model.png,burgundy wine vest and tie set,2025-08-13 00:00:00+00:00
f10ea07d-b918-4b01-a212-3b9308bc45dd,SB-BURNT-ORANGE-SET,Burnt Orange Suspender & Bowtie Set,Accessories,"Classic burnt orange suspender and bowtie combination perfect for formal events, vintage-themed occasions, and stylish gatherings. Features adjustable elastic suspenders with durable clips and a match",burnt-orange-suspender-bowtie-set,active,4999,$49.99,https://pub-8ea0502158a94b8ca8a7abb9e18a57e8.r2.dev/main-suspender-bowtie-set/burnt-orange-model.png,6,Ready,2025-08-04T00:00:00.000Z,2025-08-13,https://pub-8ea0502158a94b8ca8a7abb9e18a57e8.r2.dev/main-suspender-bowtie-set/burnt-orange-model.png;https://pub-8ea0502158a94b8ca8a7abb9e18a57e8.r2.dev/main-suspender-bowtie-set/burnt-orange.jpg,2,Gallery (Populated),Burnt Orange Suspender & Bowtie Set | KCT Menswear,Shop burnt orange suspender & bowtie set from KCT Menswear. Fast shipping. Quality tailoring.,"burnt orange suspender & bowtie set, accessories, kct menswear, mens suits, wedding suits","summer, bundle",https://pub-8ea0502158a94b8ca8a7abb9e18a57e8.r2.dev/main-suspender-bowtie-set/burnt-orange-model.png;https://pub-8ea0502158a94b8ca8a7abb9e18a57e8.r2.dev/main-suspender-bowtie-set/burnt-orange.jpg,https://pub-8ea0502158a94b8ca8a7abb9e18a57e8.r2.dev/main-suspender-bowtie-set/burnt-orange-model.png;https://pub-8ea0502158a94b8ca8a7abb9e18a57e8.r2.dev/main-suspender-bowtie-set/burnt-orange.jpg,burnt orange suspender and bowtie set,2025-08-04 00:00:00+00:00
188a8cb3-120d-41a4-82a0-586390069fce,VT-BURNT-ORANGE-SET,Burnt Orange Vest & Tie Set,Vest & Tie Sets,"Complete burnt orange vest and tie ensemble perfect for formal events, proms, and weddings. This sophisticated set includes a perfectly fitted vest and matching necktie crafted from premium materials ",burnt-orange-vest-tie-set,active,4999,$49.99,https://pub-8ea0502158a94b8ca8a7abb9e18a57e8.r2.dev/main-solid-vest-tie/burnt-orange-model.png,10,Ready,2025-08-04T00:00:00.000Z,2025-08-13,https://pub-8ea0502158a94b8ca8a7abb9e18a57e8.r2.dev/main-solid-vest-tie/burnt-orange-model.png,1,Gallery (Populated),Burnt Orange Vest & Tie Set | KCT Menswear,Shop burnt orange vest & tie set from KCT Menswear. Fast shipping. Quality tailoring.,"burnt orange vest & tie set, vest & tie sets, kct menswear, mens suits, wedding suits","vest-tie-set, premium, summer, bundle",https://pub-8ea0502158a94b8ca8a7abb9e18a57e8.r2.dev/main-solid-vest-tie/burnt-orange-model.png,https://pub-8ea0502158a94b8ca8a7abb9e18a57e8.r2.dev/main-solid-vest-tie/burnt-orange-model.png,burnt orange vest and tie set,2025-08-04 00:00:00+00:00
6a6ed003-693b-42fe-b750-11174b1e317a,VT-CANARY-SET,Canary Vest & Tie Set,Vest & Tie Sets,"Complete canary vest and tie ensemble perfect for formal events, proms, and weddings. This sophisticated set includes a perfectly fitted vest and matching necktie crafted from premium materials for a ",canary-vest-tie-set,active,4999,$49.99,https://pub-8ea0502158a94b8ca8a7abb9e18a57e8.r2.dev/main-solid-vest-tie/canary-model.png,10,Ready,2025-08-04T00:00:00.000Z,2025-08-13,https://pub-8ea0502158a94b8ca8a7abb9e18a57e8.r2.dev/main-solid-vest-tie/canary-model.png,1,Gallery (Populated),Canary Vest & Tie Set | KCT Menswear,Shop canary vest & tie set from KCT Menswear. Fast shipping. Quality tailoring.,"canary vest & tie set, vest & tie sets, kct menswear, mens suits, wedding suits","vest-tie-set, premium, summer, bundle",https://pub-8ea0502158a94b8ca8a7abb9e18a57e8.r2.dev/main-solid-vest-tie/canary-model.png,https://pub-8ea0502158a94b8ca8a7abb9e18a57e8.r2.dev/main-solid-vest-tie/canary-model.png,canary vest and tie set,2025-08-04 00:00:00+00:00
5531297f-ceeb-415b-a013-7387ef1b2894,SUIT-004,Charcoal Grey Executive Suit,Men's Suits,Premium formal suit for special occasions and business events,charcoal-grey-executive-suit,active,26500,$265.00,https://pub-8ea0502158a94b8ca8a7abb9e18a57e8.r2.dev/double_breasted/mens_double_breasted_suit_2021_0.webp,21,Ready,2025-08-13T00:00:00.000Z,2025-08-13,https://pub-8ea0502158a94b8ca8a7abb9e18a57e8.r2.dev/double_breasted/mens_double_breasted_suit_2021_0.webp;https://pub-8ea0502158a94b8ca8a7abb9e18a57e8.r2.dev/double_breasted/mens_double_breasted_suit_2021_1.webp;https://pub-8ea0502158a94b8ca8a7abb9e18a57e8.r2.dev/double_breasted/mens_double_breasted_suit_2021_2.webp,3,Gallery (Populated),Charcoal Grey Executive Suit | KCT Menswear,Shop charcoal grey executive suit from KCT Menswear. Fast shipping. Quality tailoring.,"charcoal grey executive suit, men's suits, kct menswear, mens suits, wedding suits","charcoal, suit, formal, business, premium, summer",https://pub-8ea0502158a94b8ca8a7abb9e18a57e8.r2.dev/double_breasted/mens_double_breasted_suit_2021_0.webp;https://pub-8ea0502158a94b8ca8a7abb9e18a57e8.r2.dev/double_breasted/mens_double_breasted_suit_2021_1.webp;https://pub-8ea0502158a94b8ca8a7abb9e18a57e8.r2.dev/double_breasted/mens_double_breasted_suit_2021_2.webp,https://pub-8ea0502158a94b8ca8a7abb9e18a57e8.r2.dev/double_breasted/mens_double_breasted_suit_2021_0.webp;https://pub-8ea0502158a94b8ca8a7abb9e18a57e8.r2.dev/double_breasted/mens_double_breasted_suit_2021_1.webp;https://pub-8ea0502158a94b8ca8a7abb9e18a57e8.r2.dev/double_breasted/mens_double_breasted_suit_2021_2.webp,charcoal grey executive suit,2025-08-13 00:00:00+00:00
cf1e6f44-bd02-4759-be1d-ecc57b6c90f6,TUX-013,Charcoal Grey Tuxedo With Black Satin Lapel,Tuxedos,"Premium slim fit tuxedo with satin Standard lapel - Perfect for weddings, proms, and black-tie events",charcoal-grey-tuxedo-with-black-satin-lapel,active,32500,$325.00,https://pub-8ea0502158a94b8ca8a7abb9e18a57e8.r2.dev/batch_1/batch_3/mens-tuxedos_mens-slim-fit-charcoal-grey-tuxedo-with-black-satin-lapel_1.0.jpg,21,Ready,2025-08-13T00:00:00.000Z,2025-08-13,https://pub-8ea0502158a94b8ca8a7abb9e18a57e8.r2.dev/batch_1/batch_3/mens-tuxedos_mens-slim-fit-charcoal-grey-tuxedo-with-black-satin-lapel_1.0.jpg,1,Gallery (Populated),Charcoal Grey Tuxedo With Black Satin Lapel | KCT Menswear,Shop charcoal grey tuxedo with black satin lapel from KCT Menswear. Fast shipping. Quality tailoring.,"charcoal grey tuxedo with black satin lapel, tuxedos, kct menswear, mens suits, wedding suits","black, charcoal, tuxedo, formal, business, satin, premium, summer",https://pub-8ea0502158a94b8ca8a7abb9e18a57e8.r2.dev/batch_1/batch_3/mens-tuxedos_mens-slim-fit-charcoal-grey-tuxedo-with-black-satin-lapel_1.0.jpg,https://pub-8ea0502158a94b8ca8a7abb9e18a57e8.r2.dev/batch_1/batch_3/mens-tuxedos_mens-slim-fit-charcoal-grey-tuxedo-with-black-satin-lapel_1.0.jpg,charcoal grey tuxedo with black satin lapel,2025-08-13 00:00:00+00:00
8309ecef-685a-45fb-85be-366cfb690e21,VT-CHOCOLATE-BROWN-SET,Chocolate Brown Vest & Tie Set,Vest & Tie Sets,"Complete chocolate brown vest and tie ensemble perfect for formal events, proms, and weddings. This sophisticated set includes a perfectly fitted vest and matching necktie crafted from premium materia",chocolate-brown-vest-tie-set,active,4999,$49.99,https://pub-8ea0502158a94b8ca8a7abb9e18a57e8.r2.dev/main-solid-vest-tie/chocolate-brown-model.png,10,Ready,2025-08-04T00:00:00.000Z,2025-08-13,https://pub-8ea0502158a94b8ca8a7abb9e18a57e8.r2.dev/main-solid-vest-tie/chocolate-brown-model.png,1,Gallery (Populated),Chocolate Brown Vest & Tie Set | KCT Menswear,Shop chocolate brown vest & tie set from KCT Menswear. Fast shipping. Quality tailoring.,"chocolate brown vest & tie set, vest & tie sets, kct menswear, mens suits, wedding suits","brown, vest-tie-set, premium, summer, bundle",https://pub-8ea0502158a94b8ca8a7abb9e18a57e8.r2.dev/main-solid-vest-tie/chocolate-brown-model.png,https://pub-8ea0502158a94b8ca8a7abb9e18a57e8.r2.dev/main-solid-vest-tie/chocolate-brown-model.png,chocolate brown vest and tie set,2025-08-04 00:00:00+00:00
e1b46279-80b5-4302-abc3-5e96974c3c19,VST-0004,Cinnamon Vest & Tie Set,Vest & Tie Sets,"Premium vest and tie set - Perfect for weddings, proms, and formal events",cinnamon-vest-and-tie-set,active,6500,$65.00,https://pub-8ea0502158a94b8ca8a7abb9e18a57e8.r2.dev/tie_clean_batch_01/tie_clean_batch_04/nan_cinnamon-vest-and-tie-set_1.0.jpg,10,Ready,2025-08-13T00:00:00.000Z,2025-08-13,https://pub-8ea0502158a94b8ca8a7abb9e18a57e8.r2.dev/tie_clean_batch_01/tie_clean_batch_04/nan_cinnamon-vest-and-tie-set_1.0.jpg,1,Gallery (Populated),Cinnamon Vest And Tie Set | KCT Menswear,Shop cinnamon vest and tie set from KCT Menswear. Fast shipping. Quality tailoring.,"cinnamon vest and tie set, vest & tie sets, kct menswear, mens suits, wedding suits","vest-tie-set, premium, summer, bundle",https://pub-8ea0502158a94b8ca8a7abb9e18a57e8.r2.dev/tie_clean_batch_01/tie_clean_batch_04/nan_cinnamon-vest-and-tie-set_1.0.jpg,https://pub-8ea0502158a94b8ca8a7abb9e18a57e8.r2.dev/tie_clean_batch_01/tie_clean_batch_04/nan_cinnamon-vest-and-tie-set_1.0.jpg,cinnamon vest and tie set,2025-08-13 00:00:00+00:00
176a4aff-5e0a-4ad8-bef3-10e7f779d932,TUX-008,Classic Black Tuxedo With Satin Notch Lapel,Tuxedos,"Premium slim fit tuxedo with satin Notch lapel - Perfect for weddings, proms, and black-tie events",classic-black-tuxedo-with-satin-notch-lapel,active,29500,$295.00,https://pub-8ea0502158a94b8ca8a7abb9e18a57e8.r2.dev/batch_1/batch_3/mens-tuxedos_mens-slim-fit-classic-black-tuxedo-with-satin-notch-lapel_1.0.jpg,21,Ready,2025-08-13T00:00:00.000Z,2025-08-13,https://pub-8ea0502158a94b8ca8a7abb9e18a57e8.r2.dev/batch_1/batch_3/mens-tuxedos_mens-slim-fit-classic-black-tuxedo-with-satin-notch-lapel_1.0.jpg,1,Gallery (Populated),Classic Black Tuxedo With Satin Notch Lapel | KCT Menswear,Shop classic black tuxedo with satin notch lapel from KCT Menswear. Fast shipping. Quality tailoring.,"classic black tuxedo with satin notch lapel, tuxedos, kct menswear, mens suits, wedding suits","black, tuxedo, formal, business, satin, premium, summer",https://pub-8ea0502158a94b8ca8a7abb9e18a57e8.r2.dev/batch_1/batch_3/mens-tuxedos_mens-slim-fit-classic-black-tuxedo-with-satin-notch-lapel_1.0.jpg,https://pub-8ea0502158a94b8ca8a7abb9e18a57e8.r2.dev/batch_1/batch_3/mens-tuxedos_mens-slim-fit-classic-black-tuxedo-with-satin-notch-lapel_1.0.jpg,classic black tuxedo with satin notch lapel,2025-08-13 00:00:00+00:00
6006bb35-ec1e-4a4d-ba31-86013c648bea,SUIT-003,Classic Navy Business Suit,Men's Suits,Premium formal suit for special occasions and business events,classic-navy-business-suit,active,24500,$245.00,https://pub-8ea0502158a94b8ca8a7abb9e18a57e8.r2.dev/double_breasted/mens_double_breasted_suit_2021_0.webp,21,Ready,2025-08-13T00:00:00.000Z,2025-08-13,https://pub-8ea0502158a94b8ca8a7abb9e18a57e8.r2.dev/double_breasted/mens_double_breasted_suit_2021_0.webp;https://pub-8ea0502158a94b8ca8a7abb9e18a57e8.r2.dev/double_breasted/mens_double_breasted_suit_2021_1.webp;https://pub-8ea0502158a94b8ca8a7abb9e18a57e8.r2.dev/double_breasted/mens_double_breasted_suit_2021_2.webp,3,Gallery (Populated),Classic Navy Business Suit | KCT Menswear,Shop classic navy business suit from KCT Menswear. Fast shipping. Quality tailoring.,"classic navy business suit, men's suits, kct menswear, mens suits, wedding suits","navy, suit, business, formal, premium, summer",https://pub-8ea0502158a94b8ca8a7abb9e18a57e8.r2.dev/double_breasted/mens_double_breasted_suit_2021_0.webp;https://pub-8ea0502158a94b8ca8a7abb9e18a57e8.r2.dev/double_breasted/mens_double_breasted_suit_2021_1.webp;https://pub-8ea0502158a94b8ca8a7abb9e18a57e8.r2.dev/double_breasted/mens_double_breasted_suit_2021_2.webp,https://pub-8ea0502158a94b8ca8a7abb9e18a57e8.r2.dev/double_breasted/mens_double_breasted_suit_2021_0.webp;https://pub-8ea0502158a94b8ca8a7abb9e18a57e8.r2.dev/double_breasted/mens_double_breasted_suit_2021_1.webp;https://pub-8ea0502158a94b8ca8a7abb9e18a57e8.r2.dev/double_breasted/mens_double_breasted_suit_2021_2.webp,classic navy business suit,2025-08-13 00:00:00+00:00
f8dd7c77-b2bd-4c41-8a25-694d3c51f2d0,VT-CORAL-SET,Coral Vest & Tie Set,Vest & Tie Sets,"Complete coral vest and tie ensemble perfect for formal events, proms, and weddings. This sophisticated set includes a perfectly fitted vest and matching necktie crafted from premium materials for a p",coral-vest-tie-set,active,4999,$49.99,https://pub-8ea0502158a94b8ca8a7abb9e18a57e8.r2.dev/main-solid-vest-tie/coral-model.png,10,Ready,2025-08-04T00:00:00.000Z,2025-08-13,https://pub-8ea0502158a94b8ca8a7abb9e18a57e8.r2.dev/main-solid-vest-tie/coral-model.png,1,Gallery (Populated),Coral Vest & Tie Set | KCT Menswear,Shop coral vest & tie set from KCT Menswear. Fast shipping. Quality tailoring.,"coral vest & tie set, vest & tie sets, kct menswear, mens suits, wedding suits","vest-tie-set, premium, summer, bundle",https://pub-8ea0502158a94b8ca8a7abb9e18a57e8.r2.dev/main-solid-vest-tie/coral-model.png,https://pub-8ea0502158a94b8ca8a7abb9e18a57e8.r2.dev/main-solid-vest-tie/coral-model.png,coral vest and tie set,2025-08-04 00:00:00+00:00
ae12535b-d125-46f3-b448-f72a3c3e9bad,VT-DARK-BURGUNDY-SET,Dark Burgundy Vest & Tie Set,Vest & Tie Sets,"Complete dark burgundy vest and tie ensemble perfect for formal events, proms, and weddings. This sophisticated set includes a perfectly fitted vest and matching necktie crafted from premium materials",dark-burgundy-vest-tie-set,active,4999,$49.99,https://pub-8ea0502158a94b8ca8a7abb9e18a57e8.r2.dev/main-solid-vest-tie/dark-burgundy-model.png,10,Ready,2025-08-04T00:00:00.000Z,2025-08-13,https://pub-8ea0502158a94b8ca8a7abb9e18a57e8.r2.dev/main-solid-vest-tie/dark-burgundy-model.png,1,Gallery (Populated),Dark Burgundy Vest & Tie Set | KCT Menswear,Shop dark burgundy vest & tie set from KCT Menswear. Fast shipping. Quality tailoring.,"dark burgundy vest & tie set, vest & tie sets, kct menswear, mens suits, wedding suits","burgundy, vest-tie-set, premium, summer, bundle",https://pub-8ea0502158a94b8ca8a7abb9e18a57e8.r2.dev/main-solid-vest-tie/dark-burgundy-model.png,https://pub-8ea0502158a94b8ca8a7abb9e18a57e8.r2.dev/main-solid-vest-tie/dark-burgundy-model.png,dark burgundy vest and tie set,2025-08-04 00:00:00+00:00
16a8f7f2-42c2-4b19-bb4c-88c877a96b8b,TUX-015,Dazzling Silver Tuxedo With Black Paisley Design,Tuxedos,"Premium slim fit tuxedo with satin Paisley lapel - Perfect for weddings, proms, and black-tie events",dazzling-silver-tuxedo-with-black-paisley-design,active,42500,$425.00,https://pub-8ea0502158a94b8ca8a7abb9e18a57e8.r2.dev/batch_1/batch_4/nan_dazzling-shiny-silver-tuxedo-with-black-paisley-design-a-showstopper-prom-and-wedding-seasons_2.0.jpg,21,Ready,2025-08-13T00:00:00.000Z,2025-08-13,https://pub-8ea0502158a94b8ca8a7abb9e18a57e8.r2.dev/batch_1/batch_4/nan_dazzling-shiny-silver-tuxedo-with-black-paisley-design-a-showstopper-prom-and-wedding-seasons_2.0.jpg,1,Gallery (Populated),Dazzling Silver Tuxedo With Black Paisley Design | KCT Menswear,Shop dazzling silver tuxedo with black paisley design from KCT Menswear. Fast shipping. Quality tailoring.,"dazzling silver tuxedo with black paisley design, tuxedos, kct menswear, mens suits, wedding suits","black, silver, tuxedo, formal, business, satin, premium, summer",https://pub-8ea0502158a94b8ca8a7abb9e18a57e8.r2.dev/batch_1/batch_4/nan_dazzling-shiny-silver-tuxedo-with-black-paisley-design-a-showstopper-prom-and-wedding-seasons_2.0.jpg,https://pub-8ea0502158a94b8ca8a7abb9e18a57e8.r2.dev/batch_1/batch_4/nan_dazzling-shiny-silver-tuxedo-with-black-paisley-design-a-showstopper-prom-and-wedding-seasons_2.0.jpg,dazzling silver tuxedo with black paisley design,2025-08-13 00:00:00+00:00
b4613d6c-c63c-4776-b28c-5137e58335f2,SB-DUSTY-ROSE-SET,Dusty Rose Suspender & Bowtie Set,Accessories,"Classic dusty rose suspender and bowtie combination perfect for formal events, vintage-themed occasions, and stylish gatherings. Features adjustable elastic suspenders with durable clips and a matchin",dusty-rose-suspender-bowtie-set,active,4999,$49.99,https://pub-8ea0502158a94b8ca8a7abb9e18a57e8.r2.dev/main-suspender-bowtie-set/dusty-rose-model.png,6,Ready,2025-08-04T00:00:00.000Z,2025-08-13,https://pub-8ea0502158a94b8ca8a7abb9e18a57e8.r2.dev/main-suspender-bowtie-set/dusty-rose-model.png,1,Gallery (Populated),Dusty Rose Suspender & Bowtie Set | KCT Menswear,Shop dusty rose suspender & bowtie set from KCT Menswear. Fast shipping. Quality tailoring.,"dusty rose suspender & bowtie set, accessories, kct menswear, mens suits, wedding suits","summer, bundle",https://pub-8ea0502158a94b8ca8a7abb9e18a57e8.r2.dev/main-suspender-bowtie-set/dusty-rose-model.png,https://pub-8ea0502158a94b8ca8a7abb9e18a57e8.r2.dev/main-suspender-bowtie-set/dusty-rose-model.png,dusty rose suspender and bowtie set,2025-08-04 00:00:00+00:00
26301fd6-bad6-4aae-ae16-7d31eff0efab,VT-DUSTY-ROSE-SET,Dusty Rose Vest & Tie Set,Vest & Tie Sets,"Complete dusty rose vest and tie ensemble perfect for formal events, proms, and weddings. This sophisticated set includes a perfectly fitted vest and matching necktie crafted from premium materials fo",dusty-rose-vest-tie-set,active,4999,$49.99,https://pub-8ea0502158a94b8ca8a7abb9e18a57e8.r2.dev/main-solid-vest-tie/dusty-rose-model.png,10,Ready,2025-08-04T00:00:00.000Z,2025-08-13,https://pub-8ea0502158a94b8ca8a7abb9e18a57e8.r2.dev/main-solid-vest-tie/dusty-rose-model.png,1,Gallery (Populated),Dusty Rose Vest & Tie Set | KCT Menswear,Shop dusty rose vest & tie set from KCT Menswear. Fast shipping. Quality tailoring.,"dusty rose vest & tie set, vest & tie sets, kct menswear, mens suits, wedding suits","vest-tie-set, premium, summer, bundle",https://pub-8ea0502158a94b8ca8a7abb9e18a57e8.r2.dev/main-solid-vest-tie/dusty-rose-model.png,https://pub-8ea0502158a94b8ca8a7abb9e18a57e8.r2.dev/main-solid-vest-tie/dusty-rose-model.png,dusty rose vest and tie set,2025-08-04 00:00:00+00:00
62315112-1ebb-45e0-9e8d-16e08fdc281d,VT-DUSTY-SAGE-SET,Dusty Sage Vest & Tie Set,Vest & Tie Sets,"Complete dusty sage vest and tie ensemble perfect for formal events, proms, and weddings. This sophisticated set includes a perfectly fitted vest and matching necktie crafted from premium materials fo",dusty-sage-vest-tie-set,active,4999,$49.99,https://pub-8ea0502158a94b8ca8a7abb9e18a57e8.r2.dev/main-solid-vest-tie/dusty-sage-model.png,10,Ready,2025-08-04T00:00:00.000Z,2025-08-13,https://pub-8ea0502158a94b8ca8a7abb9e18a57e8.r2.dev/main-solid-vest-tie/dusty-sage-model.png,1,Gallery (Populated),Dusty Sage Vest & Tie Set | KCT Menswear,Shop dusty sage vest & tie set from KCT Menswear. Fast shipping. Quality tailoring.,"dusty sage vest & tie set, vest & tie sets, kct menswear, mens suits, wedding suits","vest-tie-set, premium, summer, bundle",https://pub-8ea0502158a94b8ca8a7abb9e18a57e8.r2.dev/main-solid-vest-tie/dusty-sage-model.png,https://pub-8ea0502158a94b8ca8a7abb9e18a57e8.r2.dev/main-solid-vest-tie/dusty-sage-model.png,dusty sage vest and tie set,2025-08-04 00:00:00+00:00
1c4f32b3-e97d-4dbd-b875-e55b8272e737,SUIT-001,Emerald Green Tuxedo With Black Satin Lapel,Men's Suits,Premium formal suit for special occasions and business events,emerald-green-tuxedo-with-black-satin-lapel,active,32500,$325.00,https://pub-8ea0502158a94b8ca8a7abb9e18a57e8.r2.dev/batch_1/batch_3/mens-suits_mens-slim-fit-emerald-green-tuxedo-with-black-satin-lapel_1.0.png,21,Ready,2025-08-13T00:00:00.000Z,2025-08-13,https://pub-8ea0502158a94b8ca8a7abb9e18a57e8.r2.dev/batch_1/batch_3/mens-suits_mens-slim-fit-emerald-green-tuxedo-with-black-satin-lapel_1.0.png,1,Gallery (Populated),Emerald Green Tuxedo With Black Satin Lapel | KCT Menswear,Shop emerald green tuxedo with black satin lapel from KCT Menswear. Fast shipping. Quality tailoring.,"emerald green tuxedo with black satin lapel, men's suits, kct menswear, mens suits, wedding suits","black, green, suit, formal, business, satin, premium, summer",https://pub-8ea0502158a94b8ca8a7abb9e18a57e8.r2.dev/batch_1/batch_3/mens-suits_mens-slim-fit-emerald-green-tuxedo-with-black-satin-lapel_1.0.png,https://pub-8ea0502158a94b8ca8a7abb9e18a57e8.r2.dev/batch_1/batch_3/mens-suits_mens-slim-fit-emerald-green-tuxedo-with-black-satin-lapel_1.0.png,emerald green tuxedo with black satin lapel,2025-08-13 00:00:00+00:00
d53ab2da-e046-43d0-b1b2-4462d38f95fc,SB-FUCHSIA-SET,Fuchsia Suspender & Bowtie Set,Accessories,"Classic fuchsia suspender and bowtie combination perfect for formal events, vintage-themed occasions, and stylish gatherings. Features adjustable elastic suspenders with durable clips and a matching p",fuchsia-suspender-bowtie-set,active,4999,$49.99,https://pub-8ea0502158a94b8ca8a7abb9e18a57e8.r2.dev/tie_clean_batch_01/tie_clean_batch_03/bowtie_red-and-black-with-matching-bowtie_1.0.jpg,6,Ready,2025-08-04T00:00:00.000Z,2025-08-13,https://pub-8ea0502158a94b8ca8a7abb9e18a57e8.r2.dev/tie_clean_batch_01/tie_clean_batch_03/bowtie_red-and-black-with-matching-bowtie_1.0.jpg,1,Gallery (Populated),Fuchsia Suspender & Bowtie Set | KCT Menswear,Shop fuchsia suspender & bowtie set from KCT Menswear. Fast shipping. Quality tailoring.,"fuchsia suspender & bowtie set, accessories, kct menswear, mens suits, wedding suits","summer, bundle",https://pub-8ea0502158a94b8ca8a7abb9e18a57e8.r2.dev/tie_clean_batch_01/tie_clean_batch_03/bowtie_red-and-black-with-matching-bowtie_1.0.jpg,https://pub-8ea0502158a94b8ca8a7abb9e18a57e8.r2.dev/tie_clean_batch_01/tie_clean_batch_03/bowtie_red-and-black-with-matching-bowtie_1.0.jpg,fuchsia suspender and bowtie set,2025-08-04 00:00:00+00:00
59b24ee6-4ef6-46da-acf5-ecbb5e1ae127,VT-FUCHSIA-SET,Fuchsia Vest & Tie Set,Vest & Tie Sets,"Complete fuchsia vest and tie ensemble perfect for formal events, proms, and weddings. This sophisticated set includes a perfectly fitted vest and matching necktie crafted from premium materials for a",fuchsia-vest-tie-set,active,4999,$49.99,https://pub-8ea0502158a94b8ca8a7abb9e18a57e8.r2.dev/main-solid-vest-tie/fuchsia-model.png,10,Ready,2025-08-04T00:00:00.000Z,2025-08-13,https://pub-8ea0502158a94b8ca8a7abb9e18a57e8.r2.dev/main-solid-vest-tie/fuchsia-model.png,1,Gallery (Populated),Fuchsia Vest & Tie Set | KCT Menswear,Shop fuchsia vest & tie set from KCT Menswear. Fast shipping. Quality tailoring.,"fuchsia vest & tie set, vest & tie sets, kct menswear, mens suits, wedding suits","vest-tie-set, premium, summer, bundle",https://pub-8ea0502158a94b8ca8a7abb9e18a57e8.r2.dev/main-solid-vest-tie/fuchsia-model.png,https://pub-8ea0502158a94b8ca8a7abb9e18a57e8.r2.dev/main-solid-vest-tie/fuchsia-model.png,fuchsia vest and tie set,2025-08-04 00:00:00+00:00
27ac9c31-4e14-4d2a-be7e-3ac1ef6ef406,VT-GOLD-SET,Gold Vest & Tie Set,Vest & Tie Sets,"Complete gold vest and tie ensemble perfect for formal events, proms, and weddings. This sophisticated set includes a perfectly fitted vest and matching necktie crafted from premium materials for a po",gold-vest-tie-set,active,4999,$49.99,https://pub-8ea0502158a94b8ca8a7abb9e18a57e8.r2.dev/main-solid-vest-tie/gold-model.png,10,Ready,2025-08-04T00:00:00.000Z,2025-08-13,https://pub-8ea0502158a94b8ca8a7abb9e18a57e8.r2.dev/main-solid-vest-tie/gold-model.png,1,Gallery (Populated),Gold Vest & Tie Set | KCT Menswear,Shop gold vest & tie set from KCT Menswear. Fast shipping. Quality tailoring.,"gold vest & tie set, vest & tie sets, kct menswear, mens suits, wedding suits","gold, vest-tie-set, premium, summer, bundle",https://pub-8ea0502158a94b8ca8a7abb9e18a57e8.r2.dev/main-solid-vest-tie/gold-model.png,https://pub-8ea0502158a94b8ca8a7abb9e18a57e8.r2.dev/main-solid-vest-tie/gold-model.png,gold vest and tie set,2025-08-04 00:00:00+00:00
30be304b-a989-43bb-9e58-741425268f28,SUIT-DB-002,Gray Classic Double Breasted Suit Ensemble,Men's Suits,Premium double breasted suit for formal and business occasions,gray-classic-double-breasted-suit-ensemble,active,26500,$265.00,https://pub-8ea0502158a94b8ca8a7abb9e18a57e8.r2.dev/double_breasted/mens_double_breasted_suit_2021_0.webp,21,Ready,2025-08-13T00:00:00.000Z,2025-08-13,https://pub-8ea0502158a94b8ca8a7abb9e18a57e8.r2.dev/double_breasted/mens_double_breasted_suit_2021_0.webp;https://pub-8ea0502158a94b8ca8a7abb9e18a57e8.r2.dev/double_breasted/mens_double_breasted_suit_2021_1.webp;https://pub-8ea0502158a94b8ca8a7abb9e18a57e8.r2.dev/double_breasted/mens_double_breasted_suit_2021_2.webp,3,Gallery (Populated),Gray Classic Double Breasted Suit Ensemble | KCT Menswear,Shop gray classic double breasted suit ensemble from KCT Menswear. Fast shipping. Quality tailoring.,"gray classic double breasted suit ensemble, men's suits, kct menswear, mens suits, wedding suits","grey, suit, formal, business, premium, summer",https://pub-8ea0502158a94b8ca8a7abb9e18a57e8.r2.dev/double_breasted/mens_double_breasted_suit_2021_0.webp;https://pub-8ea0502158a94b8ca8a7abb9e18a57e8.r2.dev/double_breasted/mens_double_breasted_suit_2021_1.webp;https://pub-8ea0502158a94b8ca8a7abb9e18a57e8.r2.dev/double_breasted/mens_double_breasted_suit_2021_2.webp,https://pub-8ea0502158a94b8ca8a7abb9e18a57e8.r2.dev/double_breasted/mens_double_breasted_suit_2021_0.webp;https://pub-8ea0502158a94b8ca8a7abb9e18a57e8.r2.dev/double_breasted/mens_double_breasted_suit_2021_1.webp;https://pub-8ea0502158a94b8ca8a7abb9e18a57e8.r2.dev/double_breasted/mens_double_breasted_suit_2021_2.webp,gray classic double breasted suit ensemble,2025-08-13 00:00:00+00:00
58f13fad-f2ed-49fd-91cc-aed86a41d2cf,VST-0007,Green Emerald Vest & Tie Set,Vest & Tie Sets,"Premium vest and tie set - Perfect for weddings, proms, and formal events",green-emerald-vest-and-tie-set,active,6500,$65.00,https://pub-8ea0502158a94b8ca8a7abb9e18a57e8.r2.dev/tie_clean_batch_01/nan_emerald-green-vest-and-tie-set_1.0.jpg,10,Ready,2025-08-13T00:00:00.000Z,2025-08-13,https://pub-8ea0502158a94b8ca8a7abb9e18a57e8.r2.dev/tie_clean_batch_01/nan_emerald-green-vest-and-tie-set_1.0.jpg,1,Gallery (Populated),Green Emerald Vest And Tie Set | KCT Menswear,Shop green emerald vest and tie set from KCT Menswear. Fast shipping. Quality tailoring.,"green emerald vest and tie set, vest & tie sets, kct menswear, mens suits, wedding suits","green, vest-tie-set, premium, summer, bundle",https://pub-8ea0502158a94b8ca8a7abb9e18a57e8.r2.dev/tie_clean_batch_01/nan_emerald-green-vest-and-tie-set_1.0.jpg,https://pub-8ea0502158a94b8ca8a7abb9e18a57e8.r2.dev/tie_clean_batch_01/nan_emerald-green-vest-and-tie-set_1.0.jpg,green emerald vest and tie set,2025-08-13 00:00:00+00:00
d6b4cfa3-ff7c-40ad-a1c8-409e50f576c2,VST-0008,Green Forest Vest & Tie Set,Vest & Tie Sets,"Premium vest and tie set - Perfect for weddings, proms, and formal events",green-forest-vest-and-tie-set,active,6500,$65.00,https://pub-8ea0502158a94b8ca8a7abb9e18a57e8.r2.dev/tie_clean_batch_01/tie_clean_batch_04/nan_forest-green-vest-and-tie-set_1.0.jpg,10,Ready,2025-08-13T00:00:00.000Z,2025-08-13,https://pub-8ea0502158a94b8ca8a7abb9e18a57e8.r2.dev/tie_clean_batch_01/tie_clean_batch_04/nan_forest-green-vest-and-tie-set_1.0.jpg,1,Gallery (Populated),Green Forest Vest And Tie Set | KCT Menswear,Shop green forest vest and tie set from KCT Menswear. Fast shipping. Quality tailoring.,"green forest vest and tie set, vest & tie sets, kct menswear, mens suits, wedding suits","green, vest-tie-set, premium, summer, bundle",https://pub-8ea0502158a94b8ca8a7abb9e18a57e8.r2.dev/tie_clean_batch_01/tie_clean_batch_04/nan_forest-green-vest-and-tie-set_1.0.jpg,https://pub-8ea0502158a94b8ca8a7abb9e18a57e8.r2.dev/tie_clean_batch_01/tie_clean_batch_04/nan_forest-green-vest-and-tie-set_1.0.jpg,green forest vest and tie set,2025-08-13 00:00:00+00:00
e0004d7e-0b98-461d-afb3-2603a064e64e,VST-0012,Green Kiwi Vest & Tie Set,Vest & Tie Sets,"Premium vest and tie set - Perfect for weddings, proms, and formal events",green-kiwi-vest-and-tie-set,active,6500,$65.00,https://pub-8ea0502158a94b8ca8a7abb9e18a57e8.r2.dev/tie_clean_batch_01/tie_clean_batch_04/nan_kiwi-green-vest-and-tie-set_1.0.jpg,10,Ready,2025-08-13T00:00:00.000Z,2025-08-13,https://pub-8ea0502158a94b8ca8a7abb9e18a57e8.r2.dev/tie_clean_batch_01/tie_clean_batch_04/nan_kiwi-green-vest-and-tie-set_1.0.jpg,1,Gallery (Populated),Green Kiwi Vest And Tie Set | KCT Menswear,Shop green kiwi vest and tie set from KCT Menswear. Fast shipping. Quality tailoring.,"green kiwi vest and tie set, vest & tie sets, kct menswear, mens suits, wedding suits","green, vest-tie-set, premium, summer, bundle",https://pub-8ea0502158a94b8ca8a7abb9e18a57e8.r2.dev/tie_clean_batch_01/tie_clean_batch_04/nan_kiwi-green-vest-and-tie-set_1.0.jpg,https://pub-8ea0502158a94b8ca8a7abb9e18a57e8.r2.dev/tie_clean_batch_01/tie_clean_batch_04/nan_kiwi-green-vest-and-tie-set_1.0.jpg,green kiwi vest and tie set,2025-08-13 00:00:00+00:00
69279797-2a83-4ab4-b7a3-1b6f22e4a077,VST-0011,Green Lettuce Vest & Tie Set,Vest & Tie Sets,"Premium vest and tie set - Perfect for weddings, proms, and formal events",green-lettuce-vest-and-tie-set,active,6500,$65.00,https://pub-8ea0502158a94b8ca8a7abb9e18a57e8.r2.dev/tie_clean_batch_01/tie_clean_batch_02/nan_lettuce-green-vest-and-tie-set_1.0.jpg,10,Ready,2025-08-13T00:00:00.000Z,2025-08-13,https://pub-8ea0502158a94b8ca8a7abb9e18a57e8.r2.dev/tie_clean_batch_01/tie_clean_batch_02/nan_lettuce-green-vest-and-tie-set_1.0.jpg,1,Gallery (Populated),Green Lettuce Vest And Tie Set | KCT Menswear,Shop green lettuce vest and tie set from KCT Menswear. Fast shipping. Quality tailoring.,"green lettuce vest and tie set, vest & tie sets, kct menswear, mens suits, wedding suits","green, vest-tie-set, premium, summer, bundle",https://pub-8ea0502158a94b8ca8a7abb9e18a57e8.r2.dev/tie_clean_batch_01/tie_clean_batch_02/nan_lettuce-green-vest-and-tie-set_1.0.jpg,https://pub-8ea0502158a94b8ca8a7abb9e18a57e8.r2.dev/tie_clean_batch_01/tie_clean_batch_02/nan_lettuce-green-vest-and-tie-set_1.0.jpg,green lettuce vest and tie set,2025-08-13 00:00:00+00:00
fadbb9fc-5b10-4a12-bb4f-61b3924fb3ac,VST-0014,Green Lime Vest & Tie Set,Vest & Tie Sets,"Premium vest and tie set - Perfect for weddings, proms, and formal events",green-lime-vest-and-tie-set,active,6500,$65.00,https://pub-8ea0502158a94b8ca8a7abb9e18a57e8.r2.dev/tie_clean_batch_01/tie_clean_batch_03/nan_lime-green-vest-and-tie-set_1.0.jpg,10,Ready,2025-08-13T00:00:00.000Z,2025-08-13,https://pub-8ea0502158a94b8ca8a7abb9e18a57e8.r2.dev/tie_clean_batch_01/tie_clean_batch_03/nan_lime-green-vest-and-tie-set_1.0.jpg,1,Gallery (Populated),Green Lime Vest And Tie Set | KCT Menswear,Shop green lime vest and tie set from KCT Menswear. Fast shipping. Quality tailoring.,"green lime vest and tie set, vest & tie sets, kct menswear, mens suits, wedding suits","green, vest-tie-set, premium, summer, bundle",https://pub-8ea0502158a94b8ca8a7abb9e18a57e8.r2.dev/tie_clean_batch_01/tie_clean_batch_03/nan_lime-green-vest-and-tie-set_1.0.jpg,https://pub-8ea0502158a94b8ca8a7abb9e18a57e8.r2.dev/tie_clean_batch_01/tie_clean_batch_03/nan_lime-green-vest-and-tie-set_1.0.jpg,green lime vest and tie set,2025-08-13 00:00:00+00:00
2e2ea540-fe2a-4503-bf34-de2a30ed54c3,VST-0017,Green Mermaid Vest & Tie Set,Vest & Tie Sets,"Premium vest and tie set - Perfect for weddings, proms, and formal events",green-mermaid-vest-and-tie-set,active,6500,$65.00,https://pub-8ea0502158a94b8ca8a7abb9e18a57e8.r2.dev/tie_clean_batch_01/tie_clean_batch_02/nan_mermaid-green-vest-and-tie-set_1.0.jpg,10,Ready,2025-08-13T00:00:00.000Z,2025-08-13,https://pub-8ea0502158a94b8ca8a7abb9e18a57e8.r2.dev/tie_clean_batch_01/tie_clean_batch_02/nan_mermaid-green-vest-and-tie-set_1.0.jpg,1,Gallery (Populated),Green Mermaid Vest And Tie Set | KCT Menswear,Shop green mermaid vest and tie set from KCT Menswear. Fast shipping. Quality tailoring.,"green mermaid vest and tie set, vest & tie sets, kct menswear, mens suits, wedding suits","green, vest-tie-set, premium, summer, bundle",https://pub-8ea0502158a94b8ca8a7abb9e18a57e8.r2.dev/tie_clean_batch_01/tie_clean_batch_02/nan_mermaid-green-vest-and-tie-set_1.0.jpg,https://pub-8ea0502158a94b8ca8a7abb9e18a57e8.r2.dev/tie_clean_batch_01/tie_clean_batch_02/nan_mermaid-green-vest-and-tie-set_1.0.jpg,green mermaid vest and tie set,2025-08-13 00:00:00+00:00
